id,sku,name,slug,short_description,description,price,sale_price,categories,keywords,images_links,html_url,images_names
4cd5469f-8d8f-476d-8c07-f928df8b1bd8,M-S745760015207,بولفير | طلاء اظافر 621,بلوفير-طلاء-اظافر-621-1,طلاء اظافر عالي الاداء وغني بالالوانتتيح الفرشاة المستديرة المصممة بخبرة تطبيقًا سلسًا وخاليًا من الخطوطتصميم مريح مع عصا اق,طلاء اظافر عالي الاداء وغني بالالوانتتيح الفرشاة المستديرة المصممة بخبرة تطبيقًا سلسًا وخاليًا من الخطوطتصميم مريح مع عصا اقصر يمنع الطلاء من التنقيطيتميز بتركيبة سريعة الجفاف تبقى ثابتة لفترة طويلة,17.25,,مكياج | الأظافر | منتجات اقل من 50 ريال | أرخص الأسعار | طلاء الاظافر | بولفير | إكسبرس - توصيل سريع | منتجات إكسبرس,مناكير | بلوفير | بولفير,"https://media.zid.store/d73601a1-4937-47cb-bd73-7bcdb20c83d1/abb3fc44-fd6e-441b-a54e-eb09293c242b.jpg
https://media.zid.store/d73601a1-4937-47cb-bd73-7bcdb20c83d1/8a28833d-e4b9-4e0c-b213-8bf9c167a21a.jpg",https://makeupstationsa.com/products/بلوفير-طلاء-اظافر-621-1,"abb3fc44-fd6e-441b-a54e-eb09293c242b.jpg
8a28833d-e4b9-4e0c-b213-8bf9c167a21a.jpg"
96c26dd5-6b7a-445b-b937-b12857caa871,Q2-5-2-1,او تو او - روج سائل ليكويد مات 08,او-تو-او-روج-سائل-ليكويد-مات-08,تركيبة سائلة كثيفة اللون تجف سريعاً لتحصلي على طبقة نهائية خفيفة الوزن.احمر شفاه يملئ الشفتين بلون كثيف مخملي بلمسة واحدة فقط.,تركيبة سائلة كثيفة اللون تجف سريعاً لتحصلي على طبقة نهائية خفيفة الوزن.احمر شفاه يملئ الشفتين بلون كثيف مخملي بلمسة واحدة فقط.تتميز تركيبته بالثبات لساعات طويلة وتبقى ناعمة وخيار مثالي لمظهر شفاه جذابة.,34.5,,مكياج | شفاه | أحمر الشفاه | منتجات اقل من 50 ريال | أرخص الأسعار | او تو او,او تو او | احمر شفاة | روج,https://media.zid.store/d73601a1-4937-47cb-bd73-7bcdb20c83d1/069f1b23-057a-4a6b-a876-08f840ac2268.jpg,https://makeupstationsa.com/products/او-تو-او-روج-سائل-ليكويد-مات-08,069f1b23-057a-4a6b-a876-08f840ac2268.jpg
f0bebc72-fd9c-45f1-9ca6-d0c31635157d,Q2-5-1-9,او تو او - روج سائل ليكويد مات 07,او-تو-او-روج-سائل-ليكويد-مات-07,تركيبة سائلة كثيفة اللون تجف سريعاً لتحصلي على طبقة نهائية خفيفة الوزن.احمر شفاه يملئ الشفتين بلون كثيف مخملي بلمسة واحدة فقط.,تركيبة سائلة كثيفة اللون تجف سريعاً لتحصلي على طبقة نهائية خفيفة الوزن.احمر شفاه يملئ الشفتين بلون كثيف مخملي بلمسة واحدة فقط.تتميز تركيبته بالثبات لساعات طويلة وتبقى ناعمة وخيار مثالي لمظهر شفاه جذابة.,34.5,,مكياج | شفاه | أحمر الشفاه | منتجات اقل من 50 ريال | أرخص الأسعار | او تو او,او تو او | احمر شفاة | روج,https://media.zid.store/d73601a1-4937-47cb-bd73-7bcdb20c83d1/ed62dd37-f1d9-4c20-afde-c1fb0b951103.jpg,https://makeupstationsa.com/products/او-تو-او-روج-سائل-ليكويد-مات-07,ed62dd37-f1d9-4c20-afde-c1fb0b951103.jpg
bbbc237b-ad66-4525-8bc4-f937d6dafe8f,Q2-5-2-7,او تو او - روج سائل ليكويد مات 03,او-تو-او-روج-سائل-ليكويد-مات-03,تركيبة سائلة كثيفة اللون تجف سريعاً لتحصلي على طبقة نهائية خفيفة الوزن.احمر شفاه يملئ الشفتين بلون كثيف مخملي بلمسة واحدة فقط.,تركيبة سائلة كثيفة اللون تجف سريعاً لتحصلي على طبقة نهائية خفيفة الوزن.احمر شفاه يملئ الشفتين بلون كثيف مخملي بلمسة واحدة فقط.تتميز تركيبته بالثبات لساعات طويلة وتبقى ناعمة وخيار مثالي لمظهر شفاه جذابة.,34.5,,مكياج | شفاه | أحمر الشفاه | منتجات اقل من 50 ريال | أرخص الأسعار | او تو او,او تو او | أحمر شفاة | روج,https://media.zid.store/d73601a1-4937-47cb-bd73-7bcdb20c83d1/da96fbcf-f58c-45c8-9d05-f1ab66473ec8.jpg,https://makeupstationsa.com/products/او-تو-او-روج-سائل-ليكويد-مات-03,da96fbcf-f58c-45c8-9d05-f1ab66473ec8.jpg
4bca4f3a-5388-44ff-9279-3ce3d7d96637,Q2-5-2-5,او تو او - روج سائل ليكويد مات 11,او-تو-او-روج-سائل-ليكويد-مات-11,تركيبة سائلة كثيفة اللون تجف سريعاً لتحصلي على طبقة نهائية خفيفة الوزن.احمر شفاه يملئ الشفتين بلون كثيف مخملي بلمسة واحدة فقط.,تركيبة سائلة كثيفة اللون تجف سريعاً لتحصلي على طبقة نهائية خفيفة الوزن.احمر شفاه يملئ الشفتين بلون كثيف مخملي بلمسة واحدة فقط.تتميز تركيبته بالثبات لساعات طويلة وتبقى ناعمة وخيار مثالي لمظهر شفاه جذابة.,34.5,,مكياج | شفاه | أحمر الشفاه | منتجات اقل من 50 ريال | أرخص الأسعار | او تو او,او تو او | أحمر شفاة | روج,https://media.zid.store/d73601a1-4937-47cb-bd73-7bcdb20c83d1/694f62b8-5073-47b3-b88c-0c4fb66d557f.jpg,https://makeupstationsa.com/products/او-تو-او-روج-سائل-ليكويد-مات-11,694f62b8-5073-47b3-b88c-0c4fb66d557f.jpg
10b95825-fa4d-467e-a2e1-3cbd1aebf75b,Q2-5-2-3,او تو او - روج سائل ليكويد مات 04,او-تو-او-روج-سائل-ليكويد-مات-04,تركيبة سائلة كثيفة اللون تجف سريعاً لتحصلي على طبقة نهائية خفيفة الوزن.احمر شفاه يملئ الشفتين بلون كثيف مخملي بلمسة واحدة فقط.,تركيبة سائلة كثيفة اللون تجف سريعاً لتحصلي على طبقة نهائية خفيفة الوزن.احمر شفاه يملئ الشفتين بلون كثيف مخملي بلمسة واحدة فقط.تتميز تركيبته بالثبات لساعات طويلة وتبقى ناعمة وخيار مثالي لمظهر شفاه جذابة.,34.5,,مكياج | شفاه | أحمر الشفاه | منتجات اقل من 50 ريال | أرخص الأسعار | او تو او,او تو او | أحمر شفاة | روج,https://media.zid.store/d73601a1-4937-47cb-bd73-7bcdb20c83d1/195dcc6a-739a-45ab-8568-7ff0cdcd907c.jpg,https://makeupstationsa.com/products/او-تو-او-روج-سائل-ليكويد-مات-04,195dcc6a-739a-45ab-8568-7ff0cdcd907c.jpg
06ac3cce-3458-4c26-bb77-27a3078da81c,Q2-5-2-2,او تو او - روج سائل ليكويد مات 10,او-تو-او-روج-سائل-ليكويد-مات-10,تركيبة سائلة كثيفة اللون تجف سريعاً لتحصلي على طبقة نهائية خفيفة الوزن.احمر شفاه يملئ الشفتين بلون كثيف مخملي بلمسة واحدة فقط.,تركيبة سائلة كثيفة اللون تجف سريعاً لتحصلي على طبقة نهائية خفيفة الوزن.احمر شفاه يملئ الشفتين بلون كثيف مخملي بلمسة واحدة فقط.تتميز تركيبته بالثبات لساعات طويلة وتبقى ناعمة وخيار مثالي لمظهر شفاه جذابة.,34.5,,مكياج | شفاه | أحمر الشفاه | منتجات اقل من 50 ريال | أرخص الأسعار | او تو او,او تو او | احمر شفاة | روج,https://media.zid.store/d73601a1-4937-47cb-bd73-7bcdb20c83d1/02f7592f-f45e-4602-8b91-fc199b5632f4.jpg,https://makeupstationsa.com/products/او-تو-او-روج-سائل-ليكويد-مات-10,02f7592f-f45e-4602-8b91-fc199b5632f4.jpg
77b211f8-ef69-47ca-9237-35bb43292bf9,Q2-5-3-2,او تو او - روج سائل ليكويد مات 06,او-تو-او-روج-سائل-ليكويد-مات-06,تركيبة سائلة كثيفة اللون تجف سريعاً لتحصلي على طبقة نهائية خفيفة الوزن.احمر شفاه يملئ الشفتين بلون كثيف مخملي بلمسة واحدة فقط.,تركيبة سائلة كثيفة اللون تجف سريعاً لتحصلي على طبقة نهائية خفيفة الوزن.احمر شفاه يملئ الشفتين بلون كثيف مخملي بلمسة واحدة فقط.تتميز تركيبته بالثبات لساعات طويلة وتبقى ناعمة وخيار مثالي لمظهر شفاه جذابة.,34.5,,مكياج | شفاه | أحمر الشفاه | منتجات اقل من 50 ريال | أرخص الأسعار | او تو او,او تو او | احمر شفاة | روج,https://media.zid.store/d73601a1-4937-47cb-bd73-7bcdb20c83d1/59ca9c9a-7220-45e9-b3e9-201200497b3f.jpg,https://makeupstationsa.com/products/او-تو-او-روج-سائل-ليكويد-مات-06,59ca9c9a-7220-45e9-b3e9-201200497b3f.jpg
d152a7c9-e387-47ee-b262-8d89a37d646a,Q2-5-2-8,او تو او - روج سائل ليكويد مات 12,او-تو-او-روج-سائل-ليكويد-مات-12,تركيبة سائلة كثيفة اللون تجف سريعاً لتحصلي على طبقة نهائية خفيفة الوزن.احمر شفاه يملئ الشفتين بلون كثيف مخملي بلمسة واحدة فقط.,تركيبة سائلة كثيفة اللون تجف سريعاً لتحصلي على طبقة نهائية خفيفة الوزن.احمر شفاه يملئ الشفتين بلون كثيف مخملي بلمسة واحدة فقط.تتميز تركيبته بالثبات لساعات طويلة وتبقى ناعمة وخيار مثالي لمظهر شفاه جذابة.,34.5,,مكياج | شفاه | أحمر الشفاه | منتجات اقل من 50 ريال | أرخص الأسعار | او تو او,او تو او | روج,https://media.zid.store/d73601a1-4937-47cb-bd73-7bcdb20c83d1/7781a93d-4cbb-4205-b67c-1f52d370449b.jpg,https://makeupstationsa.com/products/او-تو-او-روج-سائل-ليكويد-مات-12,7781a93d-4cbb-4205-b67c-1f52d370449b.jpg
3f09241b-d306-42c2-9b8a-e6373cee3677,Q2-5-3-3,او تو او - احمر شفاه مطفي طويل الأمد 04,او-تو-او-احمر-شفاه-مطفي-طويل-الأمد-04, احمر شفاه يدوم طويلا مع اطلالة مطفية جميلة ولون مكثف يتميز بقوام كريمي يدوم طويلاً بتركيبة ترطيب ثابتة تحافظ على شفتيك رطبة و?,"احمر شفاه يدوم طويلا مع اطلالة مطفية جميلة ولون مكثف
يتميز بقوام كريمي يدوم طويلاً بتركيبة ترطيب ثابتة تحافظ على شفتيك رطبة وناعمة طوال اليوم
صبغة عالية الكثافة تغلف الشفاه بلون غني ومظهر مخملي غير لامع
مثالي ليمنحك مظهراً رائعاً ببساطة في أي وقت",29.26,,مكياج | شفاه | أحمر الشفاه | منتجات اقل من 50 ريال | أرخص الأسعار | او تو او,او تو او | روج,https://media.zid.store/d73601a1-4937-47cb-bd73-7bcdb20c83d1/48b161dc-409a-420c-b966-7e6f0f391b9d.jpg,https://makeupstationsa.com/products/او-تو-او-احمر-شفاه-مطفي-طويل-الأمد-04,48b161dc-409a-420c-b966-7e6f0f391b9d.jpg
54867975-e343-4ed7-a45c-0b2b36333b6a,Q2-5-3-5,او تو او - احمر شفاه مطفي طويل الأمد 12,او-تو-او-احمر-شفاه-مطفي-طويل-الأمد-12, احمر شفاه يدوم طويلا مع اطلالة مطفية جميلة ولون مكثف يتميز بقوام كريمي يدوم طويلاً بتركيبة ترطيب ثابتة تحافظ على شفتيك رطبة و?,"احمر شفاه يدوم طويلا مع اطلالة مطفية جميلة ولون مكثف
يتميز بقوام كريمي يدوم طويلاً بتركيبة ترطيب ثابتة تحافظ على شفتيك رطبة وناعمة طوال اليوم
صبغة عالية الكثافة تغلف الشفاه بلون غني ومظهر مخملي غير لامع
مثالي ليمنحك مظهراً رائعاً ببساطة في أي وقت",29.26,,مكياج | شفاه | أحمر الشفاه | منتجات اقل من 50 ريال | أرخص الأسعار | او تو او,احمر شفاة | روج,https://media.zid.store/d73601a1-4937-47cb-bd73-7bcdb20c83d1/49694d8a-c884-49ac-b48f-f6815107ba5f.jpg,https://makeupstationsa.com/products/او-تو-او-احمر-شفاه-مطفي-طويل-الأمد-12,49694d8a-c884-49ac-b48f-f6815107ba5f.jpg
6541a9bc-8d58-461c-bbe5-9dc9a473d785,Q2-5-2-4,او تو او - روج سائل ليكويد مات 09,او-تو-او-روج-سائل-ليكويد-مات-09,تركيبة سائلة كثيفة اللون تجف سريعاً لتحصلي على طبقة نهائية خفيفة الوزن.احمر شفاه يملئ الشفتين بلون كثيف مخملي بلمسة واحدة فقط.,تركيبة سائلة كثيفة اللون تجف سريعاً لتحصلي على طبقة نهائية خفيفة الوزن.احمر شفاه يملئ الشفتين بلون كثيف مخملي بلمسة واحدة فقط.تتميز تركيبته بالثبات لساعات طويلة وتبقى ناعمة وخيار مثالي لمظهر شفاه جذابة.,34.5,,مكياج | شفاه | أحمر الشفاه | منتجات اقل من 50 ريال | أرخص الأسعار | او تو او,او تو او | روج,https://media.zid.store/d73601a1-4937-47cb-bd73-7bcdb20c83d1/4f941d24-e416-4876-90b0-a9b2839ef3c1.jpg,https://makeupstationsa.com/products/او-تو-او-روج-سائل-ليكويد-مات-09,4f941d24-e416-4876-90b0-a9b2839ef3c1.jpg
144b1788-4957-4a2c-a739-b166d4ae9ed1,Q2-5-3-6,او تو او - احمر شفاه مطفي طويل الأمد 11,او-تو-او-احمر-شفاه-مطفي-طويل-الأمد-11, احمر شفاه يدوم طويلا مع اطلالة مطفية جميلة ولون مكثف يتميز بقوام كريمي يدوم طويلاً بتركيبة ترطيب ثابتة تحافظ على شفتيك رطبة و?,"احمر شفاه يدوم طويلا مع اطلالة مطفية جميلة ولون مكثف
يتميز بقوام كريمي يدوم طويلاً بتركيبة ترطيب ثابتة تحافظ على شفتيك رطبة وناعمة طوال اليوم
صبغة عالية الكثافة تغلف الشفاه بلون غني ومظهر مخملي غير لامع
مثالي ليمنحك مظهراً رائعاً ببساطة في أي وقت",29.26,,مكياج | شفاه | أحمر الشفاه | منتجات اقل من 50 ريال | أرخص الأسعار | او تو او,او تو او | روج,https://media.zid.store/d73601a1-4937-47cb-bd73-7bcdb20c83d1/daecec15-449c-40ea-994a-574aee61ae94.jpg,https://makeupstationsa.com/products/او-تو-او-احمر-شفاه-مطفي-طويل-الأمد-11,daecec15-449c-40ea-994a-574aee61ae94.jpg
8c41f844-d18a-4865-b6cc-e9b0f4460b30,F2-8-3-9,او تو او - ماسكارا جل لتصفيف الحواجب برو كوت,او-تو-او-ماسكارا-جل-لتصفيف-الحواجب-برو-كوت,ماسكارا جل لتصفيف الحواجب برو كوت من او تو او 6.5ج :  تصميم يوفر العناية بالحواجب والرموش كذلك منتج ينهي مظهر الحواجب غير المرتبة,"ماسكارا جل لتصفيف الحواجب برو كوت من او تو او 6.5ج :

تصميم يوفر العناية بالحواجب والرموش كذلك
منتج ينهي مظهر الحواجب غير المرتبة
يمنح لمسة نهائية وشكلاً مثاليين
تأتي بفرشاة مدمجة ومقص خاص لتساعدك في التطبيق السهل",29.5,,مكياج | الحواجب | منتجات اقل من 50 ريال | مسكرة الحواجب | أرخص الأسعار | او تو او,او تو او | مسكرة حواجب,"https://media.zid.store/d73601a1-4937-47cb-bd73-7bcdb20c83d1/c93857c5-7d9d-4e5a-a743-8b8e5de0d37e.jpg
https://media.zid.store/d73601a1-4937-47cb-bd73-7bcdb20c83d1/cfccec89-1dcb-4789-83d6-a6f2e4476bf5.jpg",https://makeupstationsa.com/products/او-تو-او-ماسكارا-جل-لتصفيف-الحواجب-برو-كوت,"c93857c5-7d9d-4e5a-a743-8b8e5de0d37e.jpg
cfccec89-1dcb-4789-83d6-a6f2e4476bf5.jpg"
a90c073e-7c1e-4f14-92bc-83baaa749624,M-S745760015009,بولفير| طلاء الأظافر601,بلوفير-طلاء-الأظافر-697,طلاء اظافر عالي الاداء وغني بالالوانتتيح الفرشاة المستديرة المصممة بخبرة تطبيقًا سلسًا وخاليًا من الخطوطتصميم مريح مع عصا اق,طلاء اظافر عالي الاداء وغني بالالوانتتيح الفرشاة المستديرة المصممة بخبرة تطبيقًا سلسًا وخاليًا من الخطوطتصميم مريح مع عصا اقصر يمنع الطلاء من التنقيطيتميز بتركيبة سريعة الجفاف تبقى ثابتة لفترة طويلة,17.25,,مكياج | الأظافر | منتجات اقل من 50 ريال | أرخص الأسعار | طلاء الاظافر | بولفير | إكسبرس - توصيل سريع | منتجات إكسبرس,مناكير |  بولفير | بلوفير,"https://media.zid.store/d73601a1-4937-47cb-bd73-7bcdb20c83d1/e1f7c1b5-a8d7-4726-b8c0-3dffda9bc7af.jpg
https://media.zid.store/d73601a1-4937-47cb-bd73-7bcdb20c83d1/63a5c9ab-2e01-41fe-96c5-bf77d07f4d95.jpg",https://makeupstationsa.com/products/بلوفير-طلاء-الأظافر-697,"e1f7c1b5-a8d7-4726-b8c0-3dffda9bc7af.jpg
63a5c9ab-2e01-41fe-96c5-bf77d07f4d95.jpg"
1d7fba10-fcc1-4412-b0a5-3fa99b017802,J2 8-6-8,روود - بخاخ مطهر ومعقم لليدين والاسطح بالليمون والنعناع 100 مل,روود-بخاخ-مطهر-ومعقم-لليدين-والاسطح-بالليمون-والنعناع-100-مل,روود - بخاخ مطهر ومعقم لليدين والاسطح بالليمون والنعناع 100 مل روود - بخاخ مطهر ومعقم لليدين والاسطح، من أفضل انواع المنتجات ا,روود - بخاخ مطهر ومعقم لليدين والاسطح بالليمون والنعناع 100 مل روود - بخاخ مطهر ومعقم لليدين والاسطح، من أفضل انواع المنتجات التى لا يمكن الاستغناء عنها فى حياتنا اليومية وذلك لانه يساعد فى التخلص من الأتربة والبكتيريا. العلامة التجارية: روود.,28.92,,مكياج | العناية | العناية باليدين | روود,معقم  | روود,https://media.zid.store/d73601a1-4937-47cb-bd73-7bcdb20c83d1/d105a0fc-13a0-44e4-963d-1f0d6eab900d.jpeg,https://makeupstationsa.com/products/روود-بخاخ-مطهر-ومعقم-لليدين-والاسطح-بالليمون-والنعناع-100-مل,d105a0fc-13a0-44e4-963d-1f0d6eab900d.jpeg
27124c5b-7cf3-41ea-91fa-0d5473fe22d4,J2 9-3-4,روود - براتز ماسك تهدئة البشرة | لاند هوو,روود-براتز-ماسك-تهدئة-البشرة-لاند-هوو,براتز ماسك ترطيب البشرة من روود .. تعزيز البشرة من الإشراق والثبات إلى التهدئة و اللمعان .. ماسك ترطيب البشرة غني بحمض الهايلرون,"براتز ماسك ترطيب البشرة من روود .

. تعزيز البشرة من الإشراق والثبات إلى التهدئة و اللمعان .

. ماسك ترطيب البشرة غني بحمض الهايلرونيك .

. يناسب جميع أنواع البشرة .",57.5,,مكياج | منتجات اقل من 100 ريال | أرخص الأسعار | العناية | العنايه بالوجة | روود | ماسك,روود | ماسك,https://media.zid.store/d73601a1-4937-47cb-bd73-7bcdb20c83d1/e6d923c5-f0d5-46a8-9624-fe9cf75b0d6a.jpeg,https://makeupstationsa.com/products/روود-براتز-ماسك-تهدئة-البشرة-لاند-هوو,e6d923c5-f0d5-46a8-9624-fe9cf75b0d6a.jpeg
b54db56c-7728-4ff8-9aab-5d96d7de8e7e,J2 9-4-6,روود - براتز ماسك ترطيب البشرة | بيليج فيلج,روود-براتز-ماسك-ترطيب-البشرة-بيليج-فيلج,براتز ماسك ترطيب البشرة من روود .. تعزيز البشرة من الإشراق والثبات إلى التهدئة و اللمعان .. ماسك ترطيب البشرة غني بحمض الهايلرون,"براتز ماسك ترطيب البشرة من روود .

. تعزيز البشرة من الإشراق والثبات إلى التهدئة و اللمعان .

. ماسك ترطيب البشرة غني بحمض الهايلرونيك .

. يناسب جميع أنواع البشرة .",57.5,,مكياج | منتجات اقل من 100 ريال | أرخص الأسعار | العناية | العنايه بالوجة | روود | ماسك,روود | ماسك,https://media.zid.store/d73601a1-4937-47cb-bd73-7bcdb20c83d1/da35e576-3db9-49bb-be85-284a12a2b942.jpeg,https://makeupstationsa.com/products/روود-براتز-ماسك-ترطيب-البشرة-بيليج-فيلج,da35e576-3db9-49bb-be85-284a12a2b942.jpeg
967f298c-d82f-44ee-a8c9-0bd8940a99b1,J2 8-6-1,روود - بايت مي ايشادو باليت | فايبر,روود-بايت-مي-ايشادو-باليت-فايبر,ابتكري مجموعة ساحرة من الإطلالات المتطورة والجذابه مع 25 لونًا لامعًا وغير لامعيمكن ابتكار اللوك الذي ترغبين به باستخدام كل لو,"ابتكري مجموعة ساحرة من الإطلالات المتطورة والجذابه مع 25 لونًا لامعًا وغير لامع
يمكن ابتكار اللوك الذي ترغبين به باستخدام كل لون بمفرده أو عن طري دمج عدة الوان دون عناء لإضفاء مظهر جريء لا يعرف الخوف او الخجل.",100.1,,مكياج | العيون | ظلال العيون | باليت ظلال العيون | روود,باليت | ظلال العيون | روود,https://media.zid.store/d73601a1-4937-47cb-bd73-7bcdb20c83d1/7ddd837e-ef77-414b-8e72-f52b90ce8c5c.jpeg,https://makeupstationsa.com/products/روود-بايت-مي-ايشادو-باليت-فايبر,7ddd837e-ef77-414b-8e72-f52b90ce8c5c.jpeg
03533ca6-c3f4-4694-9388-4a86a147c39e,i2 9-3-2,روود - اي برو جل ماسكرا الحواجب تشوكو براون,روود-اي-برو-جل-ماسكرا-الحواجب-تشوكو-براون,ماسكرا بقوام جل تعمل على ترتيب الرموش وتكثيفها بفضل وجود ألياف التكثيف.بالإضافة إلى انه يمكنك استعمالها لترتيب الحواجب بدون أ,"ماسكرا بقوام جل شفاف تعمل على ترتيب الرموش وتكثيفها بفضل وجود ألياف التكثيف.

بالإضافة إلى انه يمكنك استعمالها لترتيب الحواجب بدون أي تكتل.

اختيار مثالي لمظهر مرتب وجذاب",33.36,,مكياج | الحواجب | منتجات اقل من 50 ريال | مسكرة الحواجب | أرخص الأسعار | روود,مسكارا | بني | روود,https://media.zid.store/d73601a1-4937-47cb-bd73-7bcdb20c83d1/18c9f76c-c3b1-4bb5-a70c-78fe9343ff73.jpeg,https://makeupstationsa.com/products/روود-اي-برو-جل-ماسكرا-الحواجب-تشوكو-براون,18c9f76c-c3b1-4bb5-a70c-78fe9343ff73.jpeg
7607b1bb-5da0-4def-8ea7-a4b1f52fd033,J2 9-2-5,روود - باليت ايشادو ليجلي نود,روود-باليت-ايشادو-ليجلي-نود,احصلي على مظهر جذاب وممتع مع مجموعة من 24 لونً مميز متنوعه بدءًا من اللمعان النابض بالحياة إلى الدرجات الغامقة ، بما في ذلك ألوا,"احصلي على مظهر جذاب وممتع مع مجموعة من 24 لونً مميز متنوعه بدءًا من اللمعان النابض بالحياة إلى الدرجات الغامقة ، بما في ذلك ألوان البشرة والنابضة بالحياة ،
قومي بعمل ستايلات لا نهاية لها ومتعددة الاستخدامات مع هذا الباليت الرائع",122.33,,مكياج | العيون | باليت ظلال العيون | اي لاينر العيون | روود,باليت | ظلال العيرن | روود,https://media.zid.store/d73601a1-4937-47cb-bd73-7bcdb20c83d1/9eeb640a-7f92-4457-8bf3-e0afd3263970.jpeg,https://makeupstationsa.com/products/روود-باليت-ايشادو-ليجلي-نود,9eeb640a-7f92-4457-8bf3-e0afd3263970.jpeg
f23e0831-eb30-4313-97b9-0d263f06897c,J2 8-1-8,روود - احمر شفاه بلمسه نهائيه مطفيه | كريمينال مايند,روود-احمر-شفاه-بلمسه-نهائيه-مطفيه-كريمينال-مايند,احمر شفاه ، تمتعي بلون شفاة ورائع غير متكرر كثيرا يقبل عليه الكثير من الفتيات بسبب انه ذو لون يناسب صيحات الموضة و يناسب جميع ?,احمر شفاه ، تمتعي بلون شفاة ورائع غير متكرر كثيرا يقبل عليه الكثير من الفتيات بسبب انه ذو لون يناسب صيحات الموضة و يناسب جميع ألوان البشرة المختلفة احصلي روود - احمر شفاه بلمسه نهائيه مطفيه | دنجرسلي دليشيز ,23.36,,مكياج | شفاه | أحمر الشفاه | منتجات اقل من 50 ريال | أرخص الأسعار | روود,أحمر شفاة | روود | روج,https://media.zid.store/d73601a1-4937-47cb-bd73-7bcdb20c83d1/ccfeccfe-0f5d-46af-baf5-c2e7deb4f494.jpeg,https://makeupstationsa.com/products/روود-احمر-شفاه-بلمسه-نهائيه-مطفيه-كريمينال-مايند,ccfeccfe-0f5d-46af-baf5-c2e7deb4f494.jpeg
b164ceac-22bc-42e2-8d35-41b4b1c64373,J2 9-1-3,روود - احمر شفاه بلمسه نهائيه مطفيه | فيسكيس سايكل,روود-احمر-شفاه-بلمسه-نهائيه-مطفيه-فيسكيس-سايكل,,,23.36,,,,https://media.zid.store/d73601a1-4937-47cb-bd73-7bcdb20c83d1/82682833-24da-4486-b997-25175418e494.jpeg,https://makeupstationsa.com/products/روود-احمر-شفاه-بلمسه-نهائيه-مطفيه-فيسكيس-سايكل,82682833-24da-4486-b997-25175418e494.jpeg
493e0dce-6e52-42b5-bcc8-b6036c6a846b,i2 9-3-6,روود - احمر شفاه بلمسه نهائيه مطفيه | كربتيد هارتيد,روود-احمر-شفاه-بلمسه-نهائيه-مطفيه-كربتيد-هارتيد,احمر شفاه ، تمتعي بلون شفاة ورائع غير متكرر كثيرا يقبل عليه الكثير من الفتيات بسبب انه ذو لون يناسب صيحات الموضة و يناسب جميع ?,احمر شفاه ، تمتعي بلون شفاة ورائع غير متكرر كثيرا يقبل عليه الكثير من الفتيات بسبب انه ذو لون يناسب صيحات الموضة و يناسب جميع ألوان البشرة المختلفة احصلي روود - احمر شفاه بلمسه نهائيه مطفيه | دنجرسلي دليشيز ,23.36,,مكياج | شفاه | أحمر الشفاه | منتجات اقل من 50 ريال | أرخص الأسعار | روود,أحمر شفاة | روود | روج,https://media.zid.store/d73601a1-4937-47cb-bd73-7bcdb20c83d1/acc8569c-467c-4034-91d4-8dfbd08c60e7.jpeg,https://makeupstationsa.com/products/روود-احمر-شفاه-بلمسه-نهائيه-مطفيه-كربتيد-هارتيد,acc8569c-467c-4034-91d4-8dfbd08c60e7.jpeg
2b48881a-ea20-4f8a-a6e0-992f12d46497,J2 9-2-6,روود - احمر شفاه بلمسه نهائيه مطفيه | فولس هوب,روود-احمر-شفاه-بلمسه-نهائيه-مطفيه-فولس-هوب,,,23.36,,,,"https://media.zid.store/d73601a1-4937-47cb-bd73-7bcdb20c83d1/f0e278ed-fa4c-435f-9635-c54a9e6037cd.jpeg
https://media.zid.store/d73601a1-4937-47cb-bd73-7bcdb20c83d1/c3c78642-776f-4cec-847e-828dd337736f.jpeg",https://makeupstationsa.com/products/روود-احمر-شفاه-بلمسه-نهائيه-مطفيه-فولس-هوب,"f0e278ed-fa4c-435f-9635-c54a9e6037cd.jpeg
c3c78642-776f-4cec-847e-828dd337736f.jpeg"
d01430f4-8a4d-45bf-8277-d3c662446f75,J2 8-1-4,روود - احمر شفاه بلمسه نهائيه مطفيه | سنستير فيلين,روود-احمر-شفاه-بلمسه-نهائيه-مطفيه-سنستير-فيلين,احمر شفاه ، تمتعي بلون شفاة ورائع غير متكرر كثيرا يقبل عليه الكثير من الفتيات بسبب انه ذو لون يناسب صيحات الموضة و يناسب جميع ?,احمر شفاه ، تمتعي بلون شفاة ورائع غير متكرر كثيرا يقبل عليه الكثير من الفتيات بسبب انه ذو لون يناسب صيحات الموضة و يناسب جميع ألوان البشرة المختلفة احصلي روود - احمر شفاه بلمسه نهائيه مطفيه | دنجرسلي دليشيز ,23.36,,مكياج | شفاه | أحمر الشفاه | منتجات اقل من 50 ريال | أرخص الأسعار | روود,أحمر شفاة | روود | روج,https://media.zid.store/d73601a1-4937-47cb-bd73-7bcdb20c83d1/c0f9f42e-eb3c-4e10-aa63-c5f608540533.jpeg,https://makeupstationsa.com/products/روود-احمر-شفاه-بلمسه-نهائيه-مطفيه-سنستير-فيلين,c0f9f42e-eb3c-4e10-aa63-c5f608540533.jpeg
6af65510-704c-4a1a-a3ed-4701c3f42089,J2 8-1-13,روود - احمر شفاه بلمسه نهائيه مطفيه | ديبلي ديستربيد,روود-احمر-شفاه-بلمسه-نهائيه-مطفيه-ديبلي-ديستربيد,احمر شفاه ، تمتعي بلون شفاة ورائع غير متكرر كثيرا يقبل عليه الكثير من الفتيات بسبب انه ذو لون يناسب صيحات الموضة و يناسب جميع ?,احمر شفاه ، تمتعي بلون شفاة ورائع غير متكرر كثيرا يقبل عليه الكثير من الفتيات بسبب انه ذو لون يناسب صيحات الموضة و يناسب جميع ألوان البشرة المختلفة احصلي روود - احمر شفاه بلمسه نهائيه مطفيه | دنجرسلي دليشيز ,23.36,,مكياج | شفاه | أحمر الشفاه | منتجات اقل من 50 ريال | أرخص الأسعار | روود,احمر شفاة | روود | روج,https://media.zid.store/d73601a1-4937-47cb-bd73-7bcdb20c83d1/115fd567-6d04-4b4b-8efd-cde27afdf017.jpeg,https://makeupstationsa.com/products/روود-احمر-شفاه-بلمسه-نهائيه-مطفيه-ديبلي-ديستربيد,115fd567-6d04-4b4b-8efd-cde27afdf017.jpeg
1ed0714e-a03a-4f57-8b19-3e4ba7008da4,J2 8-1-6,روود - احمر شفاه بلمسه نهائيه مطفيه | دنجرسلي دليشيز,روود-احمر-شفاه-بلمسه-نهائيه-مطفيه-دنجرسلي-دليشيز,,,23.36,,,,"https://media.zid.store/d73601a1-4937-47cb-bd73-7bcdb20c83d1/9800a71b-1c75-4336-8be1-efe3ba28be26.jpeg
https://media.zid.store/d73601a1-4937-47cb-bd73-7bcdb20c83d1/1e6d581c-edf4-48e9-bbc5-b2f681042ea5.jpeg",https://makeupstationsa.com/products/روود-احمر-شفاه-بلمسه-نهائيه-مطفيه-دنجرسلي-دليشيز,"9800a71b-1c75-4336-8be1-efe3ba28be26.jpeg
1e6d581c-edf4-48e9-bbc5-b2f681042ea5.jpeg"
8296613d-3d58-4bba-9313-a1dd707b2292,J2 8-5-9,روود - احمر شفاه بلمسه نهائيه مطفيه | ايفيل دييد,روود-احمر-شفاه-بلمسه-نهائيه-مطفيه-ايفيل-دييد,احمر شفاه ، تمتعي بلون شفاة ورائع غير متكرر كثيرا يقبل عليه الكثير من الفتيات بسبب انه ذو لون يناسب صيحات الموضة و يناسب جميع ?,احمر شفاه ، تمتعي بلون شفاة ورائع غير متكرر كثيرا يقبل عليه الكثير من الفتيات بسبب انه ذو لون يناسب صيحات الموضة و يناسب جميع ألوان البشرة المختلفة احصلي روود - احمر شفاه بلمسه نهائيه مطفيه | دنجرسلي دليشيز ,23.36,,مكياج | شفاه | أحمر الشفاه | منتجات اقل من 50 ريال | أرخص الأسعار | روود,أحمر شفاة | روود | روج,https://media.zid.store/d73601a1-4937-47cb-bd73-7bcdb20c83d1/c81571b2-1794-43a8-b059-d747b52b5479.jpeg,https://makeupstationsa.com/products/روود-احمر-شفاه-بلمسه-نهائيه-مطفيه-ايفيل-دييد,c81571b2-1794-43a8-b059-d747b52b5479.jpeg
c1412c2a-55ef-4d6c-b90e-3bbbbb956a7f,J2 8-1-14,روود - احمر شفاه بلمسه نهائيه مطفيه | اوبسين جيستشر,روود-احمر-شفاه-بلمسه-نهائيه-مطفيه-اوبسين-جيستشر,احمر شفاه ، تمتعي بلون شفاة ورائع غير متكرر كثيرا يقبل عليه الكثير من الفتيات بسبب انه ذو لون يناسب صيحات الموضة و يناسب جميع ?,احمر شفاه ، تمتعي بلون شفاة ورائع غير متكرر كثيرا يقبل عليه الكثير من الفتيات بسبب انه ذو لون يناسب صيحات الموضة و يناسب جميع ألوان البشرة المختلفة احصلي روود - احمر شفاه بلمسه نهائيه مطفيه | دنجرسلي دليشيز ,23.36,,مكياج | شفاه | أحمر الشفاه | منتجات اقل من 50 ريال | أرخص الأسعار | روود,أحمر شفاة | روود | روج,https://media.zid.store/d73601a1-4937-47cb-bd73-7bcdb20c83d1/68cb9a1d-71db-427c-bd16-7647dad09862.jpeg,https://makeupstationsa.com/products/روود-احمر-شفاه-بلمسه-نهائيه-مطفيه-اوبسين-جيستشر,68cb9a1d-71db-427c-bd16-7647dad09862.jpeg
7693663c-44a5-4e68-a564-cd65b3c2fe92,J2 9-3-5,روود - احمر شفاه بلمسه نهائيه مطفيه | اتوميك انجر,روود-احمر-شفاه-بلمسه-نهائيه-مطفيه-اتوميك-انجر,احمر شفاه ، تمتعي بلون شفاة ورائع غير متكرر كثيرا يقبل عليه الكثير من الفتيات بسبب انه ذو لون يناسب صيحات الموضة و يناسب جميع ?,احمر شفاه ، تمتعي بلون شفاة ورائع غير متكرر كثيرا يقبل عليه الكثير من الفتيات بسبب انه ذو لون يناسب صيحات الموضة و يناسب جميع ألوان البشرة المختلفة احصلي روود - احمر شفاه بلمسه نهائيه مطفيه ,23.36,,مكياج | شفاه | أحمر الشفاه | منتجات اقل من 50 ريال | أرخص الأسعار | روود,احمر شفاة | روود | روج,https://media.zid.store/d73601a1-4937-47cb-bd73-7bcdb20c83d1/7b5325dc-9ead-4755-88b3-5a5be9bb276b.jpeg,https://makeupstationsa.com/products/روود-احمر-شفاه-بلمسه-نهائيه-مطفيه-اتوميك-انجر,7b5325dc-9ead-4755-88b3-5a5be9bb276b.jpeg
d439bac4-3243-4fd7-8626-8bfec37178f2,J2 8-5-7,روود - احمر شفاه اتيتيود مات | كافالير,روود-احمر-شفاه-اتيتيود-مات-كافالير,قلم احمر شفاه ، تمتعي بلون احمر شفاه مميز و رائع ,قلم احمر شفاه ، تمتعي بلون احمر شفاه مميز و رائع ,16.68,,مكياج | شفاه | أحمر الشفاه | منتجات اقل من 50 ريال | أرخص الأسعار | روود,احمر شفاة | روود,https://media.zid.store/d73601a1-4937-47cb-bd73-7bcdb20c83d1/3b0f8053-2966-464d-96d3-b533bb3788cb.jpeg,https://makeupstationsa.com/products/روود-احمر-شفاه-اتيتيود-مات-كافالير,3b0f8053-2966-464d-96d3-b533bb3788cb.jpeg
1e29d246-ecf4-4e97-9f8b-5f59280de40c,G1 3-3-5,ريفيتالاش - مرطب الرموش المتطور 2مل,ريفيتالاش-مرطب-الرموش-المتطور-2مل,قام أطباء العيون بتطوير هذا المرطب الأصلي والفريد من ريفيتالاش للرموش الذي يعمل على تحسين مظهرها ويحافظ عليها من التقصف كما ي?,"قام أطباء العيون بتطوير هذا المرطب الأصلي والفريد من ريفيتالاش للرموش الذي يعمل على تحسين مظهرها ويحافظ عليها من التقصف كما يساعد في نموها طبيعيًا بشكل أكثر صحة ومرونة وقوة.



ويتميز هذا السيروم الحاصل على الجوائز بتركيبة خاصة وتقنية حديثة.



يحتوي على الببتيدات والدهون والبيوتين وخلاصة الشاي الأخضر وغني بالبانثينول الذي يساعد في ترطيب الرموش وتقويتها ويحميها من الأضرار الناتجة عن العامل البيئية واستخدام مستحضرات التجميل الخاصة بالرموش التي تتسبب في تقصفها وضعفها.



طريقة الاستخدام :

يستخدم مره واحده فقط يوميا قبل النوم",432,,مكياج | العناية | العناية بالرموش | ريفيتالاش | العناية بالحواجب,ريفيتا لاش | سيروم الحواجب والرموش,"https://media.zid.store/d73601a1-4937-47cb-bd73-7bcdb20c83d1/e86e03b9-69f4-416d-bea9-d8bbe38bbc80.jpg
https://media.zid.store/d73601a1-4937-47cb-bd73-7bcdb20c83d1/852118cb-a9f4-4c0f-9893-ead2530de8a5.jpg",https://makeupstationsa.com/products/ريفيتالاش-مرطب-الرموش-المتطور-2مل,"e86e03b9-69f4-416d-bea9-d8bbe38bbc80.jpg
852118cb-a9f4-4c0f-9893-ead2530de8a5.jpg"
94c46a5e-3dea-40c1-b270-ccbdc460c1e9,J2 8-5-5,روود - احمر شفاه اتيتيود مات | شرود,روود-احمر-شفاه-اتيتيود-مات-شرود,قلم احمر شفاه ، تمتعي بلون احمر شفاه مميز و رائع ,قلم احمر شفاه ، تمتعي بلون احمر شفاه مميز و رائع ,16.68,,مكياج | شفاه | أحمر الشفاه | منتجات اقل من 50 ريال | أرخص الأسعار | روود,احمر شفاة | روود,https://media.zid.store/d73601a1-4937-47cb-bd73-7bcdb20c83d1/952945ea-f3cd-4b46-8ed5-efe2ac824e34.jpeg,https://makeupstationsa.com/products/روود-احمر-شفاه-اتيتيود-مات-شرود,952945ea-f3cd-4b46-8ed5-efe2ac824e34.jpeg
cf3b1d1f-d3fa-4496-84cc-26415327c449,Q2-5-1-8,يوسرين - غسول الوجه والحماية اليومية من الشمس خالٍ من العطور 118مل,يوسرين-غسول-الوجه-والحماية-اليومية-من-الشمس-خال-من-العطور-118مل,يوفر حماية واسعة النطاق من أشعة UVA / UVB خالٍ من العطور ولا يسبب انسداد المسام أوصى طبيب الأمراض الجلدية تركيبة غير دهنية سريعة ا?,"تركيبة خفيفة لطيفة واسعة النطاق بعامل الحماية من الشمس 30 مع الواقي من الشمس للحماية من الأشعة فوق البنفسجية ذات الطول الموجي الطويل والمتوسط والتي تتضمن أكسيد الزنك وثاني أكسيد التيتانيوم تساعد في الحماية من أضرار أشعة الشمس على المدى الطويل كما أنها توفر الترطيب الفعال.
المميزات والفوائد :
يُوصي به أطباء الجلدية
واسع النطاق
يرطب البشرة الحساسة ويساعد في حمايتها
لا يسد المسام ولا يسبّب البثور
خالٍ من العطور
يساعد على منع الإصابة بحروق الشمس
طريقة الاستعمال :
للاستخدام بغرض الوقاية من الشمس: تُوضع كمية وفيرة منه قبل 15 دقيقة من التعرض لأشعة الشمس. يُستخدم واقي شمسي مضادًّا للماء في حالة السباحة أو التعرق. يُوضع مجددًا مرة كل ساعتين على الأقل.",89.51,,مكياج | منتجات اقل من 100 ريال | أرخص الأسعار | العناية | العنايه بالوجة | يوسيرين | حماية من الشمس | غسول للوجة,واقي شمس | يوسرين | غسول واقي,"https://media.zid.store/d73601a1-4937-47cb-bd73-7bcdb20c83d1/d27f1168-9932-486a-8e38-8235c2564423.png
https://media.zid.store/d73601a1-4937-47cb-bd73-7bcdb20c83d1/8f418313-3634-4a25-b5be-d3e1e5e7a395.png",https://makeupstationsa.com/products/يوسرين-غسول-الوجه-والحماية-اليومية-من-الشمس-خال-من-العطور-118مل,"d27f1168-9932-486a-8e38-8235c2564423.png
8f418313-3634-4a25-b5be-d3e1e5e7a395.png"
35cbf3b7-653d-4157-912c-55e6c995f509,Q2-5-2-9,او تو او - روج سائل ليكويد مات 01,او-تو-او-روج-سائل-ليكويد-مات-01,تركيبة سائلة كثيفة اللون تجف سريعاً لتحصلي على طبقة نهائية خفيفة الوزن.احمر شفاه يملئ الشفتين بلون كثيف مخملي بلمسة واحدة فقط.,تركيبة سائلة كثيفة اللون تجف سريعاً لتحصلي على طبقة نهائية خفيفة الوزن.احمر شفاه يملئ الشفتين بلون كثيف مخملي بلمسة واحدة فقط.تتميز تركيبته بالثبات لساعات طويلة وتبقى ناعمة وخيار مثالي لمظهر شفاه جذابة.,34.5,,مكياج | شفاه | أحمر الشفاه | منتجات اقل من 50 ريال | أرخص الأسعار | او تو او,او تو او | أحمر شفاة | روج,https://media.zid.store/d73601a1-4937-47cb-bd73-7bcdb20c83d1/e5bfa7de-ddb3-4e8c-9eb5-e8d9ddfc52e5.jpg,https://makeupstationsa.com/products/او-تو-او-روج-سائل-ليكويد-مات-01,e5bfa7de-ddb3-4e8c-9eb5-e8d9ddfc52e5.jpg
6d229e08-fabb-4462-b66e-9ed8e2d659af,Q2-5-3-1,او تو او - روج سائل ليكويد مات 05,او-تو-او-روج-سائل-ليكويد-مات-05,تركيبة سائلة كثيفة اللون تجف سريعاً لتحصلي على طبقة نهائية خفيفة الوزن.احمر شفاه يملئ الشفتين بلون كثيف مخملي بلمسة واحدة فقط.,تركيبة سائلة كثيفة اللون تجف سريعاً لتحصلي على طبقة نهائية خفيفة الوزن.احمر شفاه يملئ الشفتين بلون كثيف مخملي بلمسة واحدة فقط.تتميز تركيبته بالثبات لساعات طويلة وتبقى ناعمة وخيار مثالي لمظهر شفاه جذابة.,34.5,,مكياج | شفاه | أحمر الشفاه | منتجات اقل من 50 ريال | أرخص الأسعار | او تو او,او تو او | احمر شفاة | روج,"https://media.zid.store/d73601a1-4937-47cb-bd73-7bcdb20c83d1/b229c647-c6af-4833-873b-934a7f2100a8.jpg
https://media.zid.store/d73601a1-4937-47cb-bd73-7bcdb20c83d1/f8df0eaa-df3e-4c1c-92d7-e884a9a25326.jpg",https://makeupstationsa.com/products/او-تو-او-روج-سائل-ليكويد-مات-05,"b229c647-c6af-4833-873b-934a7f2100a8.jpg
f8df0eaa-df3e-4c1c-92d7-e884a9a25326.jpg"
ee6e1842-646d-47d5-b771-a2db9015465e,Q2-5-2-6,روج سائل ليكويد مات 02,روج-سائل-ليكويد-مات-02,تركيبة سائلة كثيفة اللون تجف سريعاً لتحصلي على طبقة نهائية خفيفة الوزن.احمر شفاه يملئ الشفتين بلون كثيف مخملي بلمسة واحدة فقط.,تركيبة سائلة كثيفة اللون تجف سريعاً لتحصلي على طبقة نهائية خفيفة الوزن.احمر شفاه يملئ الشفتين بلون كثيف مخملي بلمسة واحدة فقط.تتميز تركيبته بالثبات لساعات طويلة وتبقى ناعمة وخيار مثالي لمظهر شفاه جذابة.,34.5,,مكياج | شفاه | أحمر الشفاه | منتجات اقل من 50 ريال | أرخص الأسعار | او تو او,او تو او | احمر شفاة | روج,https://media.zid.store/d73601a1-4937-47cb-bd73-7bcdb20c83d1/a10a9f72-42aa-440f-ab4e-53f152f2660c.jpg,https://makeupstationsa.com/products/روج-سائل-ليكويد-مات-02,a10a9f72-42aa-440f-ab4e-53f152f2660c.jpg
b4d33dac-4df4-4f02-a95e-e4fd2fe7767d,Q2-6-4-2,بيوديرما - كريم الترطيب الفائق لليدين والأظافر للبشرة الجافة إلى الجافة جدا والحساسة - 50 مل,بيوديرما-كريم-الترطيب-الفائق-لليدين-والأظافر-للبشرة-الجافة-إلى-الجافة-جدا-والحساسة-50-مل,يعتبر الجفاف مشكلة شائعة لكثير من الأشخاص حيث يكون بسبب أن البشرة تحتوي على غدد دهنية قليلة لتفرز الدهون الطبيعية بالإضافة لل?,يعتبر الجفاف مشكلة شائعة لكثير من الأشخاص حيث يكون بسبب أن البشرة تحتوي على غدد دهنية قليلة لتفرز الدهون الطبيعية بالإضافة للعوامل الخارجية مثل البيئة والاعمال اليدوية، يعطيك كريم بيوديرما المتخصص والحاصل على براءة اختراع الترطيب الفائق لليدين والأظافر ويعزز من حاجز الجلد الصحي ويقوي الطبقة الواقية ليزيد من تحمل الجلد للعوامل القاسية، غني بمكونات مرطبة ومغذية يعتبر مثاليا للبشرة الحساسة والمعرضة للجفاف لتنعم بيدين ناعمة كالأطفال وإحساس بالراحة يستمر طوال اليوم مهما كان الجفاف. الفوائد والمميزات:  كريم متخصص لعناية يديك واظافرك ومهدئ لهما حاصل على براءة اختراع دي إيه اف.يساعد مشتق الفوسفوريلكولين على إصلاح جفاف البشرة من خلال تقوية حاجز الجلد.يعمل زيت الشيا على تغذية وترميم حاجز البشرة لتوفير حماية مطلقة وترميم التلف الحاصل من الجفاف.يخلق طبقة واقية على سطح البشرة لحماية واستمرار الترطيب حتى بعد الأعمال اليدوية.يتغلغل قوامه بسرعة ويترك طبقة حماية غير دهنية وغير لزجة ليحميها من العوامل الخارجية القاسية.تركيبة غير لزجة ودهنية.,58.8,,مكياج | منتجات اقل من 100 ريال | أرخص الأسعار | العناية | العناية باليدين | بيوديرما,بيوديرما | كريم مرطب,https://media.zid.store/d73601a1-4937-47cb-bd73-7bcdb20c83d1/dc006c43-7ef9-4dbe-a8bb-454a818ccadc.jpg,https://makeupstationsa.com/products/بيوديرما-كريم-الترطيب-الفائق-لليدين-والأظافر-للبشرة-الجافة-إلى-الجافة-جدا-والحساسة-50-مل,dc006c43-7ef9-4dbe-a8bb-454a818ccadc.jpg
d0dd0217-b9a8-4922-b3e4-1efdde90da47,Q2-5-5-2,شارلوت تلبوري - هوليوود فلولس فلتر 5.5تان,شارلوت-تلبوري-هوليوود-فلولس-فلتر-55تان,يعتبر فلتر Hollywood Flawless Filter في Shade 5 من الكراميل المحايد لألوان البشرة المتوسطة. ارتداء من تلقاء نفسها ما الذي يجعل HOLLYWOOD مرشح خالي,"يعتبر فلتر Hollywood Flawless Filter في Shade 5 من الكراميل المحايد لألوان البشرة المتوسطة. ارتداء من تلقاء نفسها

ما الذي يجعل HOLLYWOOD مرشح خالي من العيوب:

• في نهاية المطاف لمعان عالية ، عالية التوهج المشاهير الجلد مرشح في زجاجة! ولد هذا على ماكياج السجادة الحمراء ، مستوحى من التكنولوجيا ، لحياة حقيقية ، في الوقت الحقيقي الذي يبدو رائعا على الشاشة أو خارجها.

• تنعيم بوليمرات البخاخة البخارية تتدحرج للحصول على مظهر كريمي لا تشوبه شائبة.

• Glossy Oil هو زيت مرطب خفيف الوزن يعكس ويضيف ضوءًا إلى وجهك حيثما احتجت إليه.

• المساحيق الدقيقة المطحونة ناعمة التركيز ، وتجعل الخطوط والمسامات تبدو أكثر سلاسة ، مما يعني أنها لا تبدو أبدًا مدهشة في الحياة الحقيقية ، كما هي الحال في الكاميرا.

• مستخلصات بورسلان الزهور ، هو مكون أكثر إشراقًا مشتق من زهرة تايلاندية بمضادات الأكسدة الطبيعية ومضادات الالتهاب لتعزيز الدورة الدموية الدقيقة وإشراق البشرة.

• مثالي للبشرة ذات الإضاءة الخارقة سواء كنت تريد توهجًا دقيقًا أو بشرة ضخمة.

ملء: 30 مل",317.36,,مكياج | الوجه | كريمات الإخفاء والتصحيح | كريمات الأساس | شارلوت تلبوري,هلو فلولس | شارلوت | شارلوت تلبوري,https://media.zid.store/d73601a1-4937-47cb-bd73-7bcdb20c83d1/b96bff32-613d-4ae1-b40b-0098d76020d6.png,https://makeupstationsa.com/products/شارلوت-تلبوري-هوليوود-فلولس-فلتر-55تان,b96bff32-613d-4ae1-b40b-0098d76020d6.png
bd38acdd-da42-4b9c-8bf2-98c179ec1462,Q2-6-3-6,يوسرين - لوشن بتركيبة متطورة لاصلاح البشرة الجافة جدا 89مل,يوسرين-لوشن-بتركيبة-متطورة-لاصلاح-البشرة-الجافة-جدا-89مل,لوشن بتركيبة متطورة لاصلاح البشرة الجافة جدا من يوسيرين 89مل :  تركيبة مرطبة متطورة ترطب البشرة شديدة الجفاف وتساعد في الحفاظ ع?," بتركيبة متطورة لاصلاح البشرة الجافة جدا من يوسيرين 89مل :

تركيبة مرطبة متطورة ترطب البشرة شديدة الجفاف وتساعد في الحفاظ على توازن رطوبتها.
غني بالسيراميد 3 ويعزز حاجز الرطوبة الواقي للبشرة.
غني بعوامل الترطيب الطبيعية؛ حيث يحتوي على مزيج من مكونات ترطيب طبيعية موجودة في الجلد ترطب بشكل مكثف وتساعد في منع حدوث الجفاف.
يوفر رطوبة تدوم طويلًا.
خالٍ من الروائح، والصبغات، والبارابين.
العلامة التجارية الموصى باستخدامها من قِبل أطباء الأمراض الجلدية.",49.5,,مكياج | العناية بالجسم | منتجات اقل من 50 ريال | أرخص الأسعار | العناية | يوسيرين,كربم للجسم | يوسرين كريم مرطب,https://media.zid.store/d73601a1-4937-47cb-bd73-7bcdb20c83d1/92acf54c-d53f-4f83-ad7a-3c4263feacb6.jpg,https://makeupstationsa.com/products/يوسرين-لوشن-بتركيبة-متطورة-لاصلاح-البشرة-الجافة-جدا-89مل,92acf54c-d53f-4f83-ad7a-3c4263feacb6.jpg
54a94559-f394-4205-859b-7b5d861a0ba2,Q2-6-2-8,سيرافي - غسول زيتي رغوي مرطب للبشرة العادية والجافة 236ml,سيرافي-غسول-زيتي-رغوي-مرطب-للبشرة-العادية-والجافة-236ml,يغلف قوام هذا الزيت الرغوي البشرة وينظفها ويلطفها على الفور دون ترك طبقة دهنية. تمت صياغته بدون رائحة ولا يسد المسام ويحترم در?,يغلف قوام هذا الزيت الرغوي البشرة وينظفها ويلطفها على الفور دون ترك طبقة دهنية. تمت صياغته بدون رائحة ولا يسد المسام ويحترم درجة الحموضة الفسيولوجية لبشرتك. تضمن عناية التطهير تحملًا عاليًا للغاية وهي تناسب جميع أنواع البشرة ، حتى الأكثر حساسية وهشاشة. يمكن استخدامه على الوجه والجسم ، بما في ذلك للنظافة الشخصية.,112.7,,مكياج | العناية | العنايه بالوجة | سيراف | غسول للوجة,سيرافي | غسول,https://media.zid.store/d73601a1-4937-47cb-bd73-7bcdb20c83d1/069dbb82-571f-4fbe-bb01-4396894f2b3c.png,https://makeupstationsa.com/products/سيرافي-غسول-زيتي-رغوي-مرطب-للبشرة-العادية-والجافة-236ml,069dbb82-571f-4fbe-bb01-4396894f2b3c.png
e1b2d5fa-3f01-4500-a7f0-79681b78df46,Q2-6-1-2,سيرافي - كريم مرطب للبشرة الجافه 454g,سيرافي-كريم-مرطب-للبشرة-الجافه-454g,CeraVe يحتوي كريم الترطيبعلى ثلاثة سيراميدات أساسية وحمض الهيالورونيك لترطيب البشرة بشكل فعال واستعادة الحاجز الواقي للبشرة.تم ,"CeraVe يحتوي كريم الترطيب
على ثلاثة سيراميدات أساسية وحمض الهيالورونيك لترطيب البشرة بشكل فعال واستعادة الحاجز الواقي للبشرة.
تم تطوير هذا الكريم المرطب الغني وغير الدهني وسريع الامتصاص بواسطة أطباء الأمراض الجلدية ومناسب للبشرة الجافة والجافة جدًا على الوجه والجسم ، ويتميز بتقنية MVE Delivery الحاصلة على براءة اختراع لإطلاق تيار مستمر من مكونات الترطيب طوال النهار والليل.",127,,مكياج | العناية | العنايه بالوجة | سيراف | كريم مرطب,كريم مرطب | سيراف,https://media.zid.store/d73601a1-4937-47cb-bd73-7bcdb20c83d1/ed9eba9e-46e2-4720-8058-cd5630752c3c.png,https://makeupstationsa.com/products/سيرافي-كريم-مرطب-للبشرة-الجافه-454g,ed9eba9e-46e2-4720-8058-cd5630752c3c.png
06643852-1d5c-4449-933a-92b0d599a9aa,Q2-6-2-4,سيرافي - منظف ومنعم للبشرة الجافه 473ml,سيرافي-منظف-ومنعم-للبشرة-الجافه-473ml,,,112.7,,,,https://media.zid.store/d73601a1-4937-47cb-bd73-7bcdb20c83d1/d4886b30-1374-4be3-9b86-c733044706da.jpg,https://makeupstationsa.com/products/سيرافي-منظف-ومنعم-للبشرة-الجافه-473ml,d4886b30-1374-4be3-9b86-c733044706da.jpg
8679fcf0-fb5d-4f9f-b1d1-c7f5f7378592,Q2-6-2-7,سيرافي - كريم تجديد القدمين 88 مل,سيرافي-كريم-تجديد-القدمين-88-مل,Renewing SA Foot Cream من CeraVe هو كريم يساعد على القضاء على تراكم الخلايا الميتة ويوفر ترطيبًا دائمًا. تساعد المكونات الإضافية مثل حمض ال?,Renewing SA Foot Cream من CeraVe هو كريم يساعد على القضاء على تراكم الخلايا الميتة ويوفر ترطيبًا دائمًا. تساعد المكونات الإضافية مثل حمض الهيالورونيك الغني بالرطوبة والنياسيناميد المهدئ أيضًا على تنعيم البشرة الخشنة والسيراميد يجدد الحاجز الطبيعي للبشرة للمساعدة في الحفاظ على رطوبة الجلد. يوفر هذا الكريم تقشيرًا لطيفًا وغير مهيج بحمض الساليسيليك ولاكتات الأمونيا ، بالإضافة إلى حمض الهيالورونيك لترطيب البشرة ومساعدتها على الاحتفاظ بترطيبها الطبيعي.,68.36,,مكياج | منتجات اقل من 100 ريال | أرخص الأسعار | العناية | العناية بالقدمين | سيراف,,"https://media.zid.store/d73601a1-4937-47cb-bd73-7bcdb20c83d1/80cefee5-6168-4095-89e6-68c8769cf146.jpg
https://media.zid.store/d73601a1-4937-47cb-bd73-7bcdb20c83d1/f0c71c3a-208a-4096-8e1f-6a74cb37816e.jpg",https://makeupstationsa.com/products/سيرافي-كريم-تجديد-القدمين-88-مل,"80cefee5-6168-4095-89e6-68c8769cf146.jpg
f0c71c3a-208a-4096-8e1f-6a74cb37816e.jpg"
a7fb67ae-ed06-446d-9569-bd2d8120e3c0,J2 8-1-10,روود - احمر شفاه بلمسه نهائيه مطفيه | مادلي مينتال,روود-احمر-شفاه-بلمسه-نهائيه-مطفيه-مادلي-مينتال,احمر شفاه ، تمتعي بلون شفاة ورائع غير متكرر كثيرا يقبل عليه الكثير من الفتيات بسبب انه ذو لون يناسب صيحات الموضة و يناسب جميع ?,احمر شفاه ، تمتعي بلون شفاة ورائع غير متكرر كثيرا يقبل عليه الكثير من الفتيات بسبب انه ذو لون يناسب صيحات الموضة و يناسب جميع ألوان البشرة المختلفة احصلي روود - احمر شفاه بلمسه نهائيه مطفيه | دنجرسلي دليشيز ,23.36,,مكياج | شفاه | أحمر الشفاه | منتجات اقل من 50 ريال | أرخص الأسعار | روود,رود | احمر شفاة | روج,https://media.zid.store/d73601a1-4937-47cb-bd73-7bcdb20c83d1/b95979e0-9f9f-4172-8a49-d6c09106ef2e.jpeg,https://makeupstationsa.com/products/روود-احمر-شفاه-بلمسه-نهائيه-مطفيه-مادلي-مينتال,b95979e0-9f9f-4172-8a49-d6c09106ef2e.jpeg
50270585-7bff-4797-bc8a-fb444cb24291,888066012317,توم فورد سانتال بلاش - أو دي بارفيوم (نسائي) 50مل,توم-فورد-سانتال-بلاش-أو-دي-بارفيوم-نسائي-50مل," عطر شرقي - خشبي للنساء، Santal Blush صدر عام 2011. إفتتاحية العطر التوابل, القرفة, الكاراوية, الحلبه و بذور الجزر; قلب العطر الإيلنغ, ا?","عطر شرقي - خشبي للنساء، Santal Blush صدر عام 2011.
إفتتاحية العطر التوابل, القرفة, الكاراوية, الحلبه و بذور الجزر; قلب العطر الإيلنغ, الياسمين و الورد; قاعدة العطر تتكون من خشب الصندل, البنزوين - الجاوي, خشب الأرز من فرجينيا, المسك و العود.",1464.75,,مكياج | العطور | عطور نسائية | عطور رجالية | توم فورد,توم فورد | عطو | سانتال بلاش,"https://media.zid.store/d73601a1-4937-47cb-bd73-7bcdb20c83d1/08c5928d-50eb-4544-a980-8c98d4bdc574.png
https://media.zid.store/d73601a1-4937-47cb-bd73-7bcdb20c83d1/b75aae10-3a94-468e-99cb-07601bf8c7e5.png",https://makeupstationsa.com/products/توم-فورد-سانتال-بلاش-أو-دي-بارفيوم-نسائي-50مل,"08c5928d-50eb-4544-a980-8c98d4bdc574.png
b75aae10-3a94-468e-99cb-07601bf8c7e5.png"
c5d1f830-3119-4347-9662-479fd3b46091,Q2-6-5-3,سيرافي - غسول الوجه الرغوي ، منظف للوجه للبشرة العادية إلى الدهنية مع السيراميد الأساسي 87مل,سيرافي-غسول-الوجه-الرغوي-منظف-للوجه-للبشرة-العادية-إلى-الدهنية-مع-السيراميد-الأساسي-87مل,"منظف ​​الوجه اليومي من CeraVe للبشرة العادية إلى الدهنية
منظف ​​رغوي جل منعش يزيل الزيوت دون الإخلال بالحاجز الواقي لبشرتك
غسو",,46,,,,"https://media.zid.store/d73601a1-4937-47cb-bd73-7bcdb20c83d1/d621a73b-9884-4d5d-84dc-be0eb90935ad.jpg
https://media.zid.store/d73601a1-4937-47cb-bd73-7bcdb20c83d1/94ec087e-f4fb-4955-a28d-0cda010babea.jpg
https://media.zid.store/d73601a1-4937-47cb-bd73-7bcdb20c83d1/73da844a-872c-493a-980c-4f796dbe9575.jpg",https://makeupstationsa.com/products/سيرافي-غسول-الوجه-الرغوي-منظف-للوجه-للبشرة-العادية-إلى-الدهنية-مع-السيراميد-الأساسي-87مل,"d621a73b-9884-4d5d-84dc-be0eb90935ad.jpg
94ec087e-f4fb-4955-a28d-0cda010babea.jpg
73da844a-872c-493a-980c-4f796dbe9575.jpg"
7685fc48-70ee-4c15-a07f-f21025c7b7bd,Q2-6-5-5,بيوديرما - جل منظف للبشرة الدهنية والمعرظة لحب الشباب 200مل,بيوديرما-جل-منظف-للبشرة-الدهنية-والمعرظة-لحب-الشباب-200مل,هو منظف مكثف ينقي المسام ويقلل من العيوب مع احترام الجلد. إنه مخصص للبشرة الدهنية المعرضة لحب الشباب.تجمع تركيبته بين ثنائي من ,"هو منظف مكثف ينقي المسام ويقلل من العيوب مع احترام الجلد. إنه مخصص للبشرة الدهنية المعرضة لحب الشباب.

تجمع تركيبته بين ثنائي من المكونات النشطة المنعمة (حمض الساليسيليك + حمض الجليكوليك) الذي ينظف البشرة وينقيها بشكل مكثف دون تجفيفها. يحترم توازن البشرة.
يزيد مركب DAF ™ (تركيبة جلدية متقدمة) الحاصل على براءة اختراع من عتبة تحمل الجلد.

قوامه ""الجل"" يتحول إلى رغوة ويترك البشرة ناعمة ومريحة.

طريقة الاستخدام

يستعمل صباحا ومساء حتى تختفي العيوب.
يُرغى الجل بين الأيدي المبللة ويوضع عن طريق تدليك الجلد بلطف.
اشطف الجلد جيدًا.
يجف بلطف.
في حالة الشعور بعدم الراحة وعدم الراحة والاحمرار الطفيف ، ضع مسافة بين التطبيقات كل
يومين.إذا استمر التهيج ، توقف عن استخدام المنتج واستشر أخصائي الرعاية الصحية الخاص بك.
تجنب الاستخدام المشترك لـ Sébium Active Foaming Gel مع علاجات الإيزوتريتينوين أو القرنية.
بالنسبة للبشرة الرقيقة والحساسة ،
",85,,مكياج | منتجات اقل من 100 ريال | أرخص الأسعار | العناية | العنايه بالوجة | بيوديرما | غسول للوجة,بيوديرما | غسول,https://media.zid.store/d73601a1-4937-47cb-bd73-7bcdb20c83d1/3525ad0a-ce2b-4f66-ba3a-b456275343c8.jpg,https://makeupstationsa.com/products/بيوديرما-جل-منظف-للبشرة-الدهنية-والمعرظة-لحب-الشباب-200مل,3525ad0a-ce2b-4f66-ba3a-b456275343c8.jpg
11cfe99b-6ce1-41cb-bbfc-508641df0ccb,Q2-6-5-6,بيوديرما - جل الاستحمام فائق النعومة 200 مل,بيوديرما-جل-الاستحمام-فائق-النعومة-200-مل,Bioderma Atoderm Gel Douche Ultra-Gentle Shower Gel هو جل استحمام يومي يحترم توازن البشرة ومناسب لجميع أفراد الأسرة. مع مواد التنظيف اللطيفة ، التي لا,Bioderma Atoderm Gel Douche Ultra-Gentle Shower Gel هو جل استحمام يومي يحترم توازن البشرة ومناسب لجميع أفراد الأسرة. مع مواد التنظيف اللطيفة ، التي لا تعطل الجلد أثناء التنظيف ، يعتبر هذا الجل الرغوي مثاليًا للحفاظ على ترطيب وصحة البشرة العادية إلى الجافة. غني بالمكونات ذات الخصائص المرطبة القوية ، فهو لا ينعم البشرة ويلطفها فحسب ، بل يقوي أيضًا حاجز البشرة ومقاومة البشرة مما يساعد على حمايتها من الاعتداءات اليومية. صُممت هذه التركيبة اللطيفة خصيصًا لتهدئة البشرة العادية إلى الجافة ، وهي ، في جوهرها ، مثالية للعناية اليومية للبشرة الحساسة المعرضة للجفاف ، مما يحافظ على ترطيبها وحمايتها.,85,,مكياج | العناية بالجسم | منتجات اقل من 100 ريال | أرخص الأسعار | العناية | بيوديرما,غسول للجسم | بيوديرما,https://media.zid.store/d73601a1-4937-47cb-bd73-7bcdb20c83d1/d56f7ffc-237f-4e42-bb01-61e02462d21f.png,https://makeupstationsa.com/products/بيوديرما-جل-الاستحمام-فائق-النعومة-200-مل,d56f7ffc-237f-4e42-bb01-61e02462d21f.png
9bcb8cd0-d864-4b70-9821-f7748b7fde21,Q2-5-5-9,بيوديرما - غسول جل للبشرة الجافة والحساسة 100مل,بيوديرما-غسول-جل-للبشرة-الجافة-والحساسة-100مل,بيوديرما جل غسول للبشرة الجافة والحساسة 100مل:ينظف بلطف و يزيل الماكياج عن الوجه و العينين.يُرطّب زيادة ترطيب بنسبة 77% ينعم البش,بيوديرما جل غسول للبشرة الجافة والحساسة 100مل:ينظف بلطف و يزيل الماكياج عن الوجه و العينين.يُرطّب زيادة ترطيب بنسبة 77% ينعم البشرة و يُهدّئ من حساسيتها.لطيف على البشرة و العينين،بدون صابون.,61.84,,مكياج | منتجات اقل من 100 ريال | أرخص الأسعار | العناية | العنايه بالوجة | بيوديرما | غسول للوجة,غسول للوجة | بيوديرما,https://media.zid.store/d73601a1-4937-47cb-bd73-7bcdb20c83d1/2f35b4a5-c944-4fa9-85c8-f0028731019d.jpg,https://makeupstationsa.com/products/بيوديرما-غسول-جل-للبشرة-الجافة-والحساسة-100مل,2f35b4a5-c944-4fa9-85c8-f0028731019d.jpg
becaa504-38b3-4b6d-b8e3-51f43d296414,Q2-6-5-4,سيرافي - كريم إصلاح العين ، 14 مل,سيرافي-كريم-إصلاح-العين-14-مل,كريم CeraVe Eye Repair 14ml الذي طوره أطباء الجلد ، هو كريم إصلاح لمحيط العين. تحتوي تركيبته على 3 سيراميدات أساسية تحتاجها البشرة الصحية,"كريم CeraVe Eye Repair 14ml الذي طوره أطباء الجلد ، هو كريم إصلاح لمحيط العين.

تحتوي تركيبته على 3 سيراميدات أساسية تحتاجها البشرة الصحية للمساعدة في تجديد والحفاظ على حاجز الحماية الطبيعي وحمض الهيالورونيك.

من الواضح أن الهالات السوداء والانتفاخات أقل وضوحًا.

بدون عطر ، غير كوميدوغينيك.",89.51,,مكياج | منتجات اقل من 100 ريال | أرخص الأسعار | العناية | العناية بالعيون | سيراف,سيراف | كريم العيون,https://media.zid.store/d73601a1-4937-47cb-bd73-7bcdb20c83d1/f022c7d4-36d8-4703-a48b-c2985cd7f584.jpg,https://makeupstationsa.com/products/سيرافي-كريم-إصلاح-العين-14-مل,f022c7d4-36d8-4703-a48b-c2985cd7f584.jpg
ec57fe7e-2b82-4e5f-b435-bddd9d16142d,Q2-6-6-1,بيوديرما - مرطب سيبيوم هيدرا ، 40 مل,بيوديرما-مرطب-سيبيوم-هيدرا-40-مل,,,110,,,,"https://media.zid.store/d73601a1-4937-47cb-bd73-7bcdb20c83d1/c75ccba9-d555-4ca4-b6ab-726608ddcd06.jpg
https://media.zid.store/d73601a1-4937-47cb-bd73-7bcdb20c83d1/6deb146e-a1a9-4289-9116-650ae0dc3357.jpg",https://makeupstationsa.com/products/بيوديرما-مرطب-سيبيوم-هيدرا-40-مل,"c75ccba9-d555-4ca4-b6ab-726608ddcd06.jpg
6deb146e-a1a9-4289-9116-650ae0dc3357.jpg"
637603de-9030-42b7-bb84-8f053814856a,Q2-6-6-2,بيوديرما - سيبيوم مات كنترول مضاد للرطوبة 30 مل,بيوديرما-سيبيوم-مات-كنترول-مضاد-للرطوبة-30-مل,,,113.85,,,,"https://media.zid.store/d73601a1-4937-47cb-bd73-7bcdb20c83d1/ed09de9b-4110-4f88-858e-62f0eaf2fce1.jpg
https://media.zid.store/d73601a1-4937-47cb-bd73-7bcdb20c83d1/e952007e-7839-4638-88ca-0ed9074584c5.jpg",https://makeupstationsa.com/products/بيوديرما-سيبيوم-مات-كنترول-مضاد-للرطوبة-30-مل,"ed09de9b-4110-4f88-858e-62f0eaf2fce1.jpg
e952007e-7839-4638-88ca-0ed9074584c5.jpg"
29ac6f16-2810-4f59-9c65-3765309b0a83,3700591228001,اتيلير كولون ميموسا انديغو - أو دو كولون (للجنسين) 200 مل,اتيلير-كولون-ميموسا-انديغو-أو-دو-كولون-للجنسين-200-مل,"
	عطر الجلود للجنسين، صدر عام 2016.
	إفتتاحية العطر الزعفران, تانجرين (اليوسفي) و البرغموت; قلب العطر الجلود, الميموزا و الليلك; قا",,1139.25,,,,"https://media.zid.store/d73601a1-4937-47cb-bd73-7bcdb20c83d1/c15da477-5cd9-4e3e-971d-185b93057bcc.jpeg
https://media.zid.store/d73601a1-4937-47cb-bd73-7bcdb20c83d1/7f4e5012-b9f6-4583-a02f-00dea65046d4.jpeg
https://media.zid.store/d73601a1-4937-47cb-bd73-7bcdb20c83d1/be9a168c-9d20-4343-89e1-c11dc9b4c474.jpeg",https://makeupstationsa.com/products/اتيلير-كولون-ميموسا-انديغو-أو-دو-كولون-للجنسين-200-مل,"c15da477-5cd9-4e3e-971d-185b93057bcc.jpeg
7f4e5012-b9f6-4583-a02f-00dea65046d4.jpeg
be9a168c-9d20-4343-89e1-c11dc9b4c474.jpeg"
99b5cdae-ac1c-453e-88d9-19ac66244d82,R2-3-5-5,اورينا ماسك | جهاز صناعة الماسكات ,اورينا-ماسك,جهاز صنع الماسك، يحتوي على  كولاجين ثلاث قصادير وكل  قصدير يحتوي على ٨ حبات. استمتعي بتجربة مُنعشة ومُفيدة مع جهاز صناعة الم,"استمتعي بتجربة مُنعشة ومُفيدة مع جهاز صناعة الماسكات من اورينا الذي يجمع بين عنصر البخار لتفتيح المسام وصناعة قناع الوجه بنفسك.

 حيث يعمل اورينا ماسك بسهولة وبسرعة فائقة خلال 5 دقائق يُجهز لكِ قناعك المُفضل من مصدر طبيعي، ويمكنك استخدام الفواكه أو الخضار بعد عصرها، أو الحليب، أو العسل أو الشاي وغير ذلك، ليس عليك سوى وضع 3 مكونات فقط: مكون خاص من اختيارك + كبسولة كولاجين + ماء.
",603,345,مكياج | العناية | العنايه بالوجة | ماسك | اورينا,اورينا ماسك | جهاز صانع الماسكات,"https://media.zid.store/d73601a1-4937-47cb-bd73-7bcdb20c83d1/6c2beddd-3139-4503-98ba-e2e11f2211f6.jpeg
https://media.zid.store/d73601a1-4937-47cb-bd73-7bcdb20c83d1/cb199b3e-ed2b-4ee3-b7e2-b5b87cbe230c.jpeg
https://media.zid.store/d73601a1-4937-47cb-bd73-7bcdb20c83d1/ee2498e6-a17d-4b1d-8f62-1038c3f4a583.jpg
https://media.zid.store/d73601a1-4937-47cb-bd73-7bcdb20c83d1/2d859171-1cf9-4d01-a584-2ada4ff2b8e5.jpg
https://media.zid.store/d73601a1-4937-47cb-bd73-7bcdb20c83d1/19086d41-d5db-4332-a674-efd34e63d5d8.jpeg
https://media.zid.store/d73601a1-4937-47cb-bd73-7bcdb20c83d1/f1547b62-8135-44fa-928d-24868bb823be.jpg",https://makeupstationsa.com/products/اورينا-ماسك,"6c2beddd-3139-4503-98ba-e2e11f2211f6.jpeg
cb199b3e-ed2b-4ee3-b7e2-b5b87cbe230c.jpeg
ee2498e6-a17d-4b1d-8f62-1038c3f4a583.jpg
2d859171-1cf9-4d01-a584-2ada4ff2b8e5.jpg
19086d41-d5db-4332-a674-efd34e63d5d8.jpeg
f1547b62-8135-44fa-928d-24868bb823be.jpg"
10af096b-c57f-4f58-ac43-af2bc47ecc1f,M-SZ.20715.16563159597985952,ديرما دكتور | مزيل عرق توتال نون سينتس الترا جنتل - 90 مل,ديرما-دكتور-مزيل-عرق-توتال-نون-سينتس-الترا-جنتل-90-مل,مزيل عرق رول اون بتركيبة رقيقة بشكل مثالي للبشرة مفرطة الحساسية وفعالة بقدرتها على توفير الحماية اللازمة من الروائح الكريهة و,مزيل عرق رول اون بتركيبة رقيقة بشكل مثالي للبشرة مفرطة الحساسية وفعالة بقدرتها على توفير الحماية اللازمة من الروائح الكريهة والعرق.المزايا:- تركيبة بقوام مائي- رقيق على البشرة- سريع الجفاف- لا يترك أثر على الملابس- لم يتم اختباره على الحيوانات- الحجم: 90 ملالاستعمال:- تُرج العلبة جيداً قبل الاستعمال- يطبق على منطقة أسفل الذراع مسبقة التنظيف والتجفيف,135.7,,مكياج | العنايه بالوجة | العناية الشخصية | ديرما دكتور,ديرما دكتور | مزيل عرق,"https://media.zid.store/d73601a1-4937-47cb-bd73-7bcdb20c83d1/f1a86e70-7bfa-47dd-92ea-579a3e2d1f08.jpg
https://media.zid.store/d73601a1-4937-47cb-bd73-7bcdb20c83d1/dfebda32-0111-4968-b497-aca9500b3f58.jpg",https://makeupstationsa.com/products/ديرما-دكتور-مزيل-عرق-توتال-نون-سينتس-الترا-جنتل-90-مل,"f1a86e70-7bfa-47dd-92ea-579a3e2d1f08.jpg
dfebda32-0111-4968-b497-aca9500b3f58.jpg"
2dbbcc6d-30b9-4829-b78a-274d1270ef33,R2-3-5-6,اورينا كولاجين,اورينا-كولاجين,الماده المساعده في ثبات الماسك باورينا ماسككبسولات الكولاجين اوريناتُستخدم كبسولات الكولاجين من أورينا كأحد المكونات الأسا?,"كبسولات الكولاجين اورينا


تُستخدم كبسولات الكولاجين من أورينا كأحد المكونات الأساسية لصناعة قناع الوجه المُفضل بجهاز أورينا ماسك الرائع، وهي حبوب طبية مُرخصة من هيئة الغذاء والدواء، آمنة ولا تسبب أي أضرار على البشرة.



فوائد الكولاجين من اورينا


يُعرف بأن حبوب الكولاجين مصدر بديل عن الكولاجين الطبيعي الذي يعتبر من العناصر الرئيسية في إصلاح مشاكل البشرة وهو يساعد على التقليل من ظهور التجاعيد وتجديد خلايا البشرة، إن الكولاجين هو بالضبط ما تحتاجه البشرة  لتبدو أكثر شباباً وحيوية.



كيفية الاستخدام كولاجين اورينا


تستخدم حبة واحدة مع كل ماسك.



نوع البشرة


يناسب مختلف أنواع البشرة.



محتويات كولاجين اورينا


يحتوي الكرتون الواحد على 48 حبة كولاجين.

يحتوي كل شريط على 8 حبات من الكولاجين.

يحتوي كل مغلف على شريط واحد.



طريقة تخزين حبات الكولاجين


تجنبي وضعه في أماكن تخزين مسببة للتفتت. 

يحفظ شريط الكولاجين في المغلف بعد الفتح.

يخزن في مكان جاف وفي درجة حرارة أقل من ٢٥ درجة مئوية.



مع كولاجين أورينا ستحصلين على بشرة مُفعمة بالحيوية والنظارة.",79,,مكياج | منتجات اقل من 100 ريال | أرخص الأسعار | العناية | العنايه بالوجة | ماسك | اورينا,كبسولات كولاجين | اورينا,"https://media.zid.store/d73601a1-4937-47cb-bd73-7bcdb20c83d1/c0177355-ecb6-40f4-a9dd-57e55201489a.jpeg
https://media.zid.store/d73601a1-4937-47cb-bd73-7bcdb20c83d1/665f70d4-2781-4593-8648-b77cd0dec017.jpeg
https://media.zid.store/d73601a1-4937-47cb-bd73-7bcdb20c83d1/a1afcbdb-50bd-4335-89be-a05468518cbd.jpeg
https://media.zid.store/d73601a1-4937-47cb-bd73-7bcdb20c83d1/19a77964-6430-4a33-92c6-44ac3dbe0858.jpeg",https://makeupstationsa.com/products/اورينا-كولاجين,"c0177355-ecb6-40f4-a9dd-57e55201489a.jpeg
665f70d4-2781-4593-8648-b77cd0dec017.jpeg
a1afcbdb-50bd-4335-89be-a05468518cbd.jpeg
19a77964-6430-4a33-92c6-44ac3dbe0858.jpeg"
a9b4d574-b5ac-4e46-8d6f-4563209c5617,Q2-6-3-8,شيا مويستشر - بلسم لتقوية وترميم الشعر بزيت الخروع الأسود الجامايكي 94 مل,شيا-مويستشر-بلسم-لتقوية-وترميم-الشعر-بزيت-الخروع-الأسود-الجامايكي-94-مل,,,30.92,,,,"https://media.zid.store/d73601a1-4937-47cb-bd73-7bcdb20c83d1/a63576b6-7beb-4ec6-acc2-8da7767e9451.png
https://media.zid.store/d73601a1-4937-47cb-bd73-7bcdb20c83d1/6577843e-d495-4032-8306-5d6f74d12ef6.png",https://makeupstationsa.com/products/شيا-مويستشر-بلسم-لتقوية-وترميم-الشعر-بزيت-الخروع-الأسود-الجامايكي-94-مل,"a63576b6-7beb-4ec6-acc2-8da7767e9451.png
6577843e-d495-4032-8306-5d6f74d12ef6.png"
fc8d525a-1bb0-4d3c-9056-e27af42ec682,G2-8-3-9,يوسرين - لوشن للبشرة الجافة والخشنة -500مل,يوسرين-لوشن-للبشرة-الجافة-والخشنة-500مل,,,110,,,,"https://media.zid.store/d73601a1-4937-47cb-bd73-7bcdb20c83d1/770d5843-6ed3-431c-a956-02ba14e295dd.jpg
https://media.zid.store/d73601a1-4937-47cb-bd73-7bcdb20c83d1/9829442a-3826-474d-9b63-be076f398ba4.jpg",https://makeupstationsa.com/products/يوسرين-لوشن-للبشرة-الجافة-والخشنة-500مل,"770d5843-6ed3-431c-a956-02ba14e295dd.jpg
9829442a-3826-474d-9b63-be076f398ba4.jpg"
4293fd01-02e5-4d25-83fc-06847ea04917,M-S745760015016,بولفير | طلاء اظافر  602,بولفير-طلاء-اظافر-602,طلاء اظافر عالي الاداء وغني بالالوانتتيح الفرشاة المستديرة المصممة بخبرة تطبيقًا سلسًا وخاليًا من الخطوطتصميم مريح مع عصا اق,"مناكير أحمر كرزي بولفير - BOLVER لامع - 602, منتج مثالي جذاب ومميز يمنحك إطلالة جذابة لأظافرك، حيث يتميز باللون الأحمر الكرزي المميز الذي يمنحك إطلالة فريدة في المناسبات، كما يتميز بنعومة وانسيابية فائقة على الأظافر بالإضافة إلى أنه خفيف الوزن على الأظفر، يتميز بسرعة جفافه فلا يحتاج وقت طويل ليجف مما يسهل استخدامه بشكل كبير، مناكير بولفير خيارك الأمثل لإطلالة جذابة تناسب كل ملابسك وإطلالاتك.",17.25,,مكياج | الأظافر | منتجات اقل من 50 ريال | أرخص الأسعار | طلاء الاظافر | بولفير | إكسبرس - توصيل سريع | منتجات إكسبرس,مناكير | بلوفير | بولفير,"https://media.zid.store/d73601a1-4937-47cb-bd73-7bcdb20c83d1/4fabd7a6-2b75-47d1-b2dc-35c8648b5d50.jpg
https://media.zid.store/d73601a1-4937-47cb-bd73-7bcdb20c83d1/e05224c5-269f-4be1-86d4-d21fbff2ba13.jpg",https://makeupstationsa.com/products/بولفير-طلاء-اظافر-602,"4fabd7a6-2b75-47d1-b2dc-35c8648b5d50.jpg
e05224c5-269f-4be1-86d4-d21fbff2ba13.jpg"
9f76c7f3-ad7c-419e-83cb-22df542b75ab,M-S3800050156187,بولفير | طلاء الأظافر 650,blover-nail-polish-650,احصل على نتائج تنافس صالون التجميل مع طلاء أظافر بولفر. تم أختباره وأظهرت النتيجه إيجابية، يجف بسرعة، ويستمر لفترة أطول من طل?,احصل على نتائج تنافس صالون التجميل مع طلاء أظافر بولفر. تم أختباره وأظهرت النتيجه إيجابية، يجف بسرعة، ويستمر لفترة أطول من طلاء أظافر العادي. طلاء أظافر يجعل أظافرك تبدو رائعة مع شعور بالراحة. إنه يحمي، ومقاوم لتغير اللون بفضل امتصاصه للأشعة فوق البنفسجية. طلاء أظافر بولفر ذو مادة فائقة الجودة بفرشاة كبيرة، سهلة الاستخدام لنتائج ممتازة.ر,17.25,,مكياج | الأظافر | منتجات اقل من 50 ريال | أرخص الأسعار | طلاء الاظافر | بولفير | إكسبرس - توصيل سريع | منتجات إكسبرس,مناكير | بلوفير | بولفير,"https://media.zid.store/d73601a1-4937-47cb-bd73-7bcdb20c83d1/bcf55efa-e37a-4bea-9e6c-4192c2229a70.jpg
https://media.zid.store/d73601a1-4937-47cb-bd73-7bcdb20c83d1/59790508-e57b-4ccd-8f5a-1c79a195e0f1.jpg",https://makeupstationsa.com/products/blover-nail-polish-650,"bcf55efa-e37a-4bea-9e6c-4192c2229a70.jpg
59790508-e57b-4ccd-8f5a-1c79a195e0f1.jpg"
31effcac-17a7-4129-9db3-6c3ec3549d98,M-S745760015276,بلوفير | طلاء اظافر 628,بلوفير-طلاء-اظافر-628-1,طلاء اظافر عالي الاداء وغني بالالوانتتيح الفرشاة المستديرة المصممة بخبرة تطبيقًا سلسًا وخاليًا من الخطوطتصميم مريح مع عصا اق,طلاء اظافر عالي الاداء وغني بالالوانتتيح الفرشاة المستديرة المصممة بخبرة تطبيقًا سلسًا وخاليًا من الخطوطتصميم مريح مع عصا اقصر يمنع الطلاء من التنقيطيتميز بتركيبة سريعة الجفاف تبقى ثابتة لفترة طويلة,17.25,,مكياج | الأظافر | منتجات اقل من 50 ريال | أرخص الأسعار | طلاء الاظافر | بولفير | إكسبرس - توصيل سريع | منتجات إكسبرس,مناكير | بلوفير | بولفير,"https://media.zid.store/d73601a1-4937-47cb-bd73-7bcdb20c83d1/a48a5b61-dccc-4692-b282-e0531ae4baff.jpg
https://media.zid.store/d73601a1-4937-47cb-bd73-7bcdb20c83d1/79a0411a-1a45-4574-942a-96fc818ddf99.jpg",https://makeupstationsa.com/products/بلوفير-طلاء-اظافر-628-1,"a48a5b61-dccc-4692-b282-e0531ae4baff.jpg
79a0411a-1a45-4574-942a-96fc818ddf99.jpg"
e42d9a70-36cb-4702-bb61-39aa5328c572,M-S794712416869,بولفير | طلاء اظافر 697,بولفير-طلاء-اظافر-697,احصل على نتائج تنافس صالون التجميل مع طلاء أظافر بولفر. تم أختباره وأظهرت النتيجه إيجابية، يجف بسرعة، ويستمر لفترة أطول من طل?,"احصل على نتائج تنافس صالون التجميل مع طلاء أظافر بولفر. 
تم أختباره وأظهرت النتيجه إيجابية، يجف بسرعة، ويستمر لفترة أطول من طلاء أظافر العادي. 
طلاء أظافر يجعل أظافرك تبدو رائعة مع شعور بالراحة. 
إنه يحمي، ومقاوم لتغير اللون بفضل امتصاصه للأشعة فوق البنفسجية. 
طلاء أظافر بولفر ذو مادة فائقة الجودة بفرشاة كبيرة، سهلة الاستخدام لنتائج ممتازة.ر",17.25,,مكياج | الأظافر | منتجات اقل من 50 ريال | أرخص الأسعار | طلاء الاظافر | بولفير | إكسبرس - توصيل سريع | منتجات إكسبرس,مناكير | بلوفير | بولفير,"https://media.zid.store/d73601a1-4937-47cb-bd73-7bcdb20c83d1/68a16a27-56ce-4ce5-8ddc-ea4e3e15048a.jpg
https://media.zid.store/d73601a1-4937-47cb-bd73-7bcdb20c83d1/8cb94f46-fce1-4f74-8936-491be9b627f6.jpg",https://makeupstationsa.com/products/بولفير-طلاء-اظافر-697,"68a16a27-56ce-4ce5-8ddc-ea4e3e15048a.jpg
8cb94f46-fce1-4f74-8936-491be9b627f6.jpg"
86dc1d56-b4c7-455a-8081-224e4a88bd3d,Q2-2-3-4,نيوتروجينا - كريم هيدرو بوست إيقاظ العين 15مل,نيوتروجينا-كريم-هيدرو-بوست-إيقاظ-العين-15مل,إن أساس الإطلالة الصحية للبشرة هو الترطيب. لكن عوامل عديدة مثل قلة النوم والضغوطات وعدم شرب كمية وافية من الماء قد يؤدي إلى نقص,إن أساس الإطلالة الصحية للبشرة هو الترطيب. لكن عوامل عديدة مثل قلة النوم والضغوطات وعدم شرب كمية وافية من الماء قد يؤدي إلى نقص في الترطيب وعيون وبشرة ذات مظهر متعب وباهت.يقدم لك جل-كريم هايدروبووست المنعش للعينين من نيوتروجينا دفقاً من الترطيب الذي يعمل بثلاث طرق ليزيد آثار التعب من عينيك. يحتوي جل-كريم هايدروبووست المنعش للعينين من نيوتروجينا على تركيبة جل هايولورونيك لتعزيز الترطيب وتقوية حاجز حماية البشرة الطبيعي في منطقة ما تحت العينين. يساعد جل-كريم هايدروبووست المنعش للعينين من نيوتروجينا بتركيبته الخفيفة والتي يسهل امتصاصها على محو علامات التعب من عينيك، التغلغل فوراً داخل البشرة ليمنحها نعومة تهيؤها المكياج. يحبس الرطوبة في الداخل لمدة 24 ساعة فيساعد على منع تلاشي مرونة البشرة يمنح العينين إطلالة منتعشة كل يوم.احصلي على ترطيب مكثف مع جل-كريم هايدروبووست المنعش للعينين من نيوتروجينا!المواصفات: • ترطيب كثيف• تركيبة خفيفة وخالية من الزيوت• خالٍ 100 % من الكحول• لا يسد مسام البشرة (غير زُوانِيّ)• مناسب للبشرة الحساسة • تم اختباره من قبل أطباء الجلد ,53.38,,منتجات اقل من 100 ريال | أرخص الأسعار | العناية | العناية بالعيون | نيتروجينا,سيروم العيون | نيتروجينا,"https://media.zid.store/d73601a1-4937-47cb-bd73-7bcdb20c83d1/761978fb-ffac-4c57-9a89-c67c8ea3d8f6.jpg
https://media.zid.store/d73601a1-4937-47cb-bd73-7bcdb20c83d1/e7a10461-739f-43ea-aab7-29224f8fc38f.jpg",https://makeupstationsa.com/products/نيوتروجينا-كريم-هيدرو-بوست-إيقاظ-العين-15مل,"761978fb-ffac-4c57-9a89-c67c8ea3d8f6.jpg
e7a10461-739f-43ea-aab7-29224f8fc38f.jpg"
e5813ce0-4f74-4e33-9c94-73ab1bf5be5a,E2-9-1-1,ريل تكنيك - فرشاة صغيرة لكريم الأساس + أحمر الخدود 01858,ريل-تكنيك-فرشاة-صغيرة-لكريم-الأساس-أحمر-الخدود-01858,"متعددة المهام
يعطي الرأس تطبيق تركيز ناعم
 يستخدم مع
سائل أو كريم
كريم أساس + بودرة
أحمر الخدود أو البرونزر أو بودرة التثبيت",,49.5,,,,https://media.zid.store/d73601a1-4937-47cb-bd73-7bcdb20c83d1/054c760a-f424-483b-906e-187e6b07d325.jpeg,https://makeupstationsa.com/products/ريل-تكنيك-فرشاة-صغيرة-لكريم-الأساس-أحمر-الخدود-01858,054c760a-f424-483b-906e-187e6b07d325.jpeg
d2c728f2-77a4-4be4-9ca6-d767ce7089e9,E2-8-6-9,كي اس دي - ميك اب تولز قطعتين من الاسفنج - اصفر 31,كي-اس-دي-ميك-اب-تولز-قطعتين-من-الاسفنج-اصفر-31,كي اس دي - ميك اب تولز قطعتين من الاسفنج - اصفر 31,كي اس دي - ميك اب تولز قطعتين من الاسفنج - اصفر 31,32.55,,مكياج | منتجات اقل من 50 ريال | كي اس دي | أرخص الأسعار | اسفنجة,اسفنجة | كي اس دي | بيوتي بلندر,https://media.zid.store/d73601a1-4937-47cb-bd73-7bcdb20c83d1/de295b48-ba9c-4fbe-bb6e-44535f3f2368.jpeg,https://makeupstationsa.com/products/كي-اس-دي-ميك-اب-تولز-قطعتين-من-الاسفنج-اصفر-31,de295b48-ba9c-4fbe-bb6e-44535f3f2368.jpeg
da75c309-de3a-4d34-b2b3-6f8968124c45,8028544103683,طقم لورينزو فيلوريسي فلورنسا تينت دي نايج - أو دي تواليت (للجنسين) 50مل 3قطع,طقم-لورينزو-فيلوريسي-فلورنسا-تينت-دي-نايج-أو-دي-تواليت-للجنسين-50مل-3قطع, مجموعة عطرية فاخرة من لورينزو فيلوريسي فايرنز للنساء والرجال تحتوي على عطر تينت دو نيج من لورينزو فيلوريسي فايرنز - او دي توا?,"مجموعة عطرية فاخرة من لورينزو فيلوريسي فايرنز للنساء والرجال تحتوي على عطر تينت دو نيج من لورينزو فيلوريسي فايرنز - او دي تواليت - 50 مل، عطر الشعر تينت دو نيج من لورينزو فيلوريسي فايرنز - 50 مل، لوشن الجسم - 250 مل.
المزيح العطري الزهري الناعم من نوتات الباودر والورد والياسمين والتونكا والمسك والسكر.",995,,مكياج | العطور | عطور نسائية | اطقم هدايا العطور | لورينزو فيلوريسي,تينت ذي ناج | Lorenzo Villoresi | عطر | لورينزو فيلورنيسي ,"https://media.zid.store/d73601a1-4937-47cb-bd73-7bcdb20c83d1/880eef6b-ce11-4b8d-9348-6af69a2e8ed4.png
https://media.zid.store/d73601a1-4937-47cb-bd73-7bcdb20c83d1/eebd75cd-d3c6-4581-ab6c-bd70d7ba02dc.png",https://makeupstationsa.com/products/طقم-لورينزو-فيلوريسي-فلورنسا-تينت-دي-نايج-أو-دي-تواليت-للجنسين-50مل-3قطع,"880eef6b-ce11-4b8d-9348-6af69a2e8ed4.png
eebd75cd-d3c6-4581-ab6c-bd70d7ba02dc.png"
0387f18e-97c3-4b3e-80e1-a3f179558a2b,8028544101009,لورينزو فيلوريسي فلورنسا تينت دي نايج - أو دي تواليت (للجنسين) 50مل,لورينزو-فيلوريسي-فلورنسا-تينت-دي-نايج-أو-دي-تواليت-للجنسين-50مل," عطر زهري - خشبي - مسك للجنسين. Teint de Neige صدر عام 2000. إفتتاحية العطر النوتات البودرية, الورد, الإيلنغ و الياسمين; قلب العطر الورد, ?","عطر زهري - خشبي - مسك للجنسين. Teint de Neige صدر عام 2000.
إفتتاحية العطر النوتات البودرية, الورد, الإيلنغ و الياسمين; قلب العطر الورد, حبوب التونكا, النوتات الزهرية و الياسمين; قاعدة العطر تتكون من الهيلوتروب, المسك, الورد, السكر و الياسمين.",480,,مكياج | العطور | عطور نسائية | لورينزو فيلوريسي,عطر تينت ذي ناج | لورينزو فيلوريسي ,"https://media.zid.store/d73601a1-4937-47cb-bd73-7bcdb20c83d1/c6950e80-560f-4393-8da0-47d8569002fc.png
https://media.zid.store/d73601a1-4937-47cb-bd73-7bcdb20c83d1/bf6f8807-b3d6-4405-92e3-5f041f50fdb9.png",https://makeupstationsa.com/products/لورينزو-فيلوريسي-فلورنسا-تينت-دي-نايج-أو-دي-تواليت-للجنسين-50مل,"c6950e80-560f-4393-8da0-47d8569002fc.png
bf6f8807-b3d6-4405-92e3-5f041f50fdb9.png"
aa21277b-d519-4c4e-96f9-983fd84b9bcf,Q2-6-5-8,بيوديرما - جل سيبيوم الرغوي لتنقية البشرة  100مل,بيوديرما-جل-سيبيوم-الرغوي-لتنقية-البشرة-100مل, جل الرغوة اليومي لتنظيف و تنقية البشرة الدهنية والمختلطة ينظف بلطف، مصنوع من مكونات لا تسبب الإزعاج للبشرة وخالي من الصابون ي,"جل الرغوة اليومي لتنظيف و تنقية البشرة الدهنية والمختلطة
ينظف بلطف، مصنوع من مكونات لا تسبب الإزعاج للبشرة وخالي من الصابون
يطهر البشرة بفضل مركب فلويد اكتف الحصري الذي يوازن و يحدد كمية الإفرازات الدهنية ولايسبب ظهور البثور",61.84,,مكياج | منتجات اقل من 100 ريال | أرخص الأسعار | العناية | العنايه بالوجة | بيوديرما | غسول للوجة,بيوديرما | غسول,https://media.zid.store/d73601a1-4937-47cb-bd73-7bcdb20c83d1/f0b42161-638f-4675-84e9-a212babc5f76.jpg,https://makeupstationsa.com/products/بيوديرما-جل-سيبيوم-الرغوي-لتنقية-البشرة-100مل,f0b42161-638f-4675-84e9-a212babc5f76.jpg
a9f0a17f-b630-4d4a-a206-ca3a3b8a9584,E2-8-5-7,كي اس دي - ميك اب تولز قطعتين من الاسفنج - أخضر 32,كي-اس-دي-ميك-اب-تولز-قطعتين-من-الاسفنج-أخضر-32,كي اس دي - ميك اب تولز قطعتين من الاسفنج - أخضر 32,كي اس دي - ميك اب تولز قطعتين من الاسفنج - أخضر 32 كي اس دي - ميك اب تولز قطعتين من الاسفنج - أخضر 32,32.55,,مكياج | منتجات اقل من 50 ريال | كي اس دي | أرخص الأسعار | اسفنجة,اسفنجة | كي اس دي | بيوتي بلندر,https://media.zid.store/d73601a1-4937-47cb-bd73-7bcdb20c83d1/a9c8b4fb-4def-477c-b71c-dd745be4b566.jpeg,https://makeupstationsa.com/products/كي-اس-دي-ميك-اب-تولز-قطعتين-من-الاسفنج-أخضر-32,a9c8b4fb-4def-477c-b71c-dd745be4b566.jpeg
37b0c5ed-3de4-46dc-a9cd-443f82f25ece,M-S745760015528,بولفير | طلاء اظافر 653,بولفير-طلاء-اظافر-653,طلاء اظافر عالي الاداء وغني بالالوانتتيح الفرشاة المستديرة المصممة بخبرة تطبيقًا سلسًا وخاليًا من الخطوطتصميم مريح مع عصا اق,طلاء أظافر بوليفر غني بالألوان متوفر بـ 70 لونًا مستوحى مباشرة من إطلالات تدريجية.*فرشاة مستديرة مصممة بخبرة تتيح تطبيقًا سلسًا وخاليًا من الخطوط.*مناكير طلاء أظافر بوليفر سريع الجفاف، يحمي أظافرك ويجعلها ناعمة.*مقاوم للبهتان بفضل امتصاصه للأشعة فوق البنفسجية.*تركيبة طويلة الأمد عالية اللمعان يوفر نقاءً شديدًا.*مادة فائقة مع فرشاة كبيرة من السهل تقديم نتائج ممتازة.*إذا كنتي من النساء التى تسعى للحصول على مظهر جذاب ينصح بطلاء الأظافر بوليفر التي تسعى للحصول على تأثير لامع.طريقة إستخدام *ابدئي عمل مانيكير بأيدٍ واظافر نظيفة، ما عليك سوى عمل ثلاث سحبات لتغطية أظافرك.*ابدئى من قاعدة ظفرك مرري الفرشاة على اليسار  إلى اليمين  ثم إلى أسفل المنتصف.,17.25,,مكياج | الأظافر | منتجات اقل من 50 ريال | أرخص الأسعار | طلاء الاظافر | بولفير | إكسبرس - توصيل سريع | منتجات إكسبرس,مناكير | بلوفير | بولفير,"https://media.zid.store/d73601a1-4937-47cb-bd73-7bcdb20c83d1/3aa77389-bf37-40cf-8cad-e55746fc1055.jpg
https://media.zid.store/d73601a1-4937-47cb-bd73-7bcdb20c83d1/e12cd428-3a34-42bb-a09b-ae6f05135577.jpg",https://makeupstationsa.com/products/بولفير-طلاء-اظافر-653,"3aa77389-bf37-40cf-8cad-e55746fc1055.jpg
e12cd428-3a34-42bb-a09b-ae6f05135577.jpg"
25def2df-846d-4561-ab95-a5e2aad840d4,Q2-5-6-4,سيرافي - لوشن ترطيب الوجه الليلي 52مل,سيرافي-لوشن-ترطيب-الوجه-الليلي-52مل,لوشن ترطيب الوجه الليلي من سيرافي 52مل :  كريم ليلي خفيف الوزن وخالي من الزيوت مطوّر بواسطة أطباء الجلدية بتركيبة فريدة من 3 سيرا,"كريم ليلي خفيف الوزن وخالي من الزيوت
مطوّر بواسطة أطباء الجلدية بتركيبة فريدة من 3 سيراميدات أساسية يُرطب أثناء الليل ويساعد على استعادة حاجز حماية البشرة
مناسب للبشرة العادية إلى الدهنية
بدون رائحة عطرية. غير كوميدوغينيك ، هيبوالرجينيك",97.65,,مكياج | منتجات اقل من 100 ريال | أرخص الأسعار | العناية | العنايه بالوجة | سيراف | كريم مرطب,كريم ليلي | كريم مرطب | سيراف,https://media.zid.store/d73601a1-4937-47cb-bd73-7bcdb20c83d1/da5d802f-c66e-4781-822b-2693427900e4.png,https://makeupstationsa.com/products/سيرافي-لوشن-ترطيب-الوجه-الليلي-52مل,da5d802f-c66e-4781-822b-2693427900e4.png
05030848-e2b2-4e87-a905-6293a2c64c55,E2-8-5-3,كي اس دي - اسفنجة وجه اصفر - 33,كي-اس-دي-اسفنجة-وجه-اصفر-33,كي اس دي - اسفنجة وجه اصفر - 33,كي اس دي - اسفنجة وجه اصفر - 33,22.78,,مكياج | منتجات اقل من 50 ريال | كي اس دي | أرخص الأسعار | اسفنجة,اسفنجة | كي اي دي | بيوتي بلندر,https://media.zid.store/d73601a1-4937-47cb-bd73-7bcdb20c83d1/c4331db8-ecd9-46ac-876d-0f06b2344982.jpeg,https://makeupstationsa.com/products/كي-اس-دي-اسفنجة-وجه-اصفر-33,c4331db8-ecd9-46ac-876d-0f06b2344982.jpeg
39dc2b58-2084-454e-b853-df4ceecccb92,E2-8-5-2,كي اس دي - اسفنجة وجه زهري - 33,كي-اس-دي-اسفنجة-وجه-زهري-33,كي اس دي - اسفنجة وجه زهري - 33,كي اس دي - اسفنجة وجه زهري - 33,22.78,,مكياج | منتجات اقل من 50 ريال | كي اس دي | أرخص الأسعار | اسفنجة,اسفنجة | كي اس دس | بيوتي بلندر,https://media.zid.store/d73601a1-4937-47cb-bd73-7bcdb20c83d1/4bf59a3b-53d1-4d8a-b05e-b85d206abcd2.jpeg,https://makeupstationsa.com/products/كي-اس-دي-اسفنجة-وجه-زهري-33,4bf59a3b-53d1-4d8a-b05e-b85d206abcd2.jpeg
97897ae1-dda2-4f3c-bd3a-493c7f020171,E2-8-6-5,كي اس دي - اسفنجة وجه زهري - 35,كي-اس-دي-اسفنجة-وجه-زهري-35,كي اس دي - اسفنجة وجه زهري - 35,كي اس دي - اسفنجة وجه زهري - 35,22.78,,مكياج | منتجات اقل من 50 ريال | كي اس دي | أرخص الأسعار | اسفنجة,اسفنجة |  بيوتي بلندر | كي اس دي,https://media.zid.store/d73601a1-4937-47cb-bd73-7bcdb20c83d1/5090a624-486f-48d7-afa4-acea4b60c75d.jpeg,https://makeupstationsa.com/products/كي-اس-دي-اسفنجة-وجه-زهري-35,5090a624-486f-48d7-afa4-acea4b60c75d.jpeg
d811723c-c061-4b67-af73-27ed1450f9d3,B2B-SHA-2548,مانسيرا وايلد روز عود-أو دو برفيوم- 120 مل,مانسيرا-وايلد-روز-عود-أو-دو-برفيوم-120-مل,تتكون تركيبته العطرية من البارغموت والليمون والورد التركي الأحمر والباتشولي والياسمين المصري و العود والمسك والعنبر والفاني,"تتكون تركيبته العطرية من البارغموت والليمون والورد التركي الأحمر والباتشولي والياسمين المصري و العود والمسك والعنبر والفانيليا.

رائحة هادئة تلامس الروح. 

عطر انيق مناسب لكل الأوقات .",480,,مكياج | العطور | عطور نسائية | عطور رجالية | مانسيرا,عطر | مانسيرا  | وايلد روز عود,https://media.zid.store/d73601a1-4937-47cb-bd73-7bcdb20c83d1/4986c1ea-d0d1-42c6-b402-a3d3f05eb62d.jpg,https://makeupstationsa.com/products/مانسيرا-وايلد-روز-عود-أو-دو-برفيوم-120-مل,4986c1ea-d0d1-42c6-b402-a3d3f05eb62d.jpg
cb0b9b49-ba24-4e6c-9897-38a1082a704b,3669500005549,مانسيرا ذا عود - أو دي بارفيوم (للجنسين) 60مل,مانسيرا-ذا-عود-أو-دي-بارفيوم-للجنسين-60مل," عطر شرقي - خشبي للجنسين. The Aoud صدر عام 2011.  إفتتاحية العطر القرنفل, الفلفل الأبيض, القرفة و البرغموت; قلب العطر الورد, الزعفران ?","عطر شرقي - خشبي للجنسين. The Aoud صدر عام 2011.
 إفتتاحية العطر القرنفل, الفلفل الأبيض, القرفة و البرغموت; قلب العطر الورد, الزعفران و إبره الراعي; قاعدة العطر تتكون من العود, الجلود, الأخشاب, خشب الصندل, خشب الأرز و المسك الأبيض.",340,,مكياج | العطور | عطور نسائية | عطور رجالية | مانسيرا,عطر | مانسيرا  | ذا عود,"https://media.zid.store/d73601a1-4937-47cb-bd73-7bcdb20c83d1/ba285a70-1344-4790-bd12-3799b669932c.jpeg
https://media.zid.store/d73601a1-4937-47cb-bd73-7bcdb20c83d1/6f10f263-0e2e-418d-83ae-8e01dfed07bc.png",https://makeupstationsa.com/products/مانسيرا-ذا-عود-أو-دي-بارفيوم-للجنسين-60مل,"ba285a70-1344-4790-bd12-3799b669932c.jpeg
6f10f263-0e2e-418d-83ae-8e01dfed07bc.png"
91ecdf97-5c0e-46e8-bc8e-a344fe92de88,Q2-6-4-5,فيشي - مرطب للوجه بحمض الهيالورونيك 50مل,فيشي-مرطب-للوجه-بحمض-الهيالورونيك-50مل,يعالج جفاف البشرة. - يقوي ويجدد حاجز البشرة. - مناسب لجميع أنواع البشرة. - للترطيب اليومي وتعزيز امتلاء البشرة. - معترف به من قبل ج,"يعالج جفاف البشرة.

- يقوي ويجدد حاجز البشرة.

- مناسب لجميع أنواع البشرة.

- للترطيب اليومي وتعزيز امتلاء البشرة.

- معترف به من قبل جمعية الإكزيما الوطنية.

- مرطب للوجه بحمض الهيالورونيك الطبيعي.

- يجعل البشرة أكثر مقاومة لعلامات التقدم في العمر.

- يحتوي على 15 من مياه فيتشي البركانية الغنية بالمعادن.

 

 ",154.61,,مكياج | العناية | العنايه بالوجة | سيروم | فيشي,بالوجة | العنايه | سيروم | فيشي,https://media.zid.store/d73601a1-4937-47cb-bd73-7bcdb20c83d1/624bc943-bae9-466c-8125-7014008c38f8.jpeg,https://makeupstationsa.com/products/فيشي-مرطب-للوجه-بحمض-الهيالورونيك-50مل,624bc943-bae9-466c-8125-7014008c38f8.jpeg
3d66a045-c1a4-40a0-91ac-36d27bb55a0c,M3-7-4-16,عطر نوير اكستريم من توم فورد – أو دي بارفيوم  100 مل,عطر-نوير-اكستريم-من-توم-فورد-أو-دي-بارفيوم-100-مل,,,750,,مكياج | العطور | توم فورد,,https://media.zid.store/d73601a1-4937-47cb-bd73-7bcdb20c83d1/6e9f26a0-36c1-4b66-b0d0-fa91f985538c.jpg,https://makeupstationsa.com/products/عطر-نوير-اكستريم-من-توم-فورد-أو-دي-بارفيوم-100-مل,6e9f26a0-36c1-4b66-b0d0-fa91f985538c.jpg
629ac892-1609-4025-896b-bf7919558bd6,M-SZ.20715.1655538719380125,يوسيرين | لوشن يوريا للقضاء على الخشونة خالي من العطور من 500 مل,يوسيرين-كريم-يوريا-للقضاء-على-الخشونة-خالي-من-العطور-من-500-مل,للبشرة شديدة الخشونة والجفافالعلامة التجارية الموصى باستخدامها من قِبل أطباء الأمراض الجلديةمنذ عام 1900ينعم البشرة الخشنة وا,للبشرة شديدة الخشونة والجفافالعلامة التجارية الموصى باستخدامها من قِبل أطباء الأمراض الجلديةمنذ عام 1900ينعم البشرة الخشنة والمجعدةغني بالسيراميد واليورياللعناية بالبشرة من الأمراض الجلديةخالٍ من العطور والأصباغ والبارابينيمنح البشرة ترطيبًا يدوم 48 ساعةتقدم يوسيرين  مع أكثر من 100 عام من الابتكار في مجال العلوم الجلدية، مجموعة كاملة من الحلول المثبتة سريريًا لتلبية عدد من احتياجات البشرة، مدعومة بالتزام صارم بالجودة. وهذا هو السبب وراء توصية أطباء الأمراض الجلدية بمنتج Eucerin في جميع أنحاء العالم.دهان تخفيف الخشونة يوسيرين تركيبة متخصصة ترطب وتقشر البشرة شديدة الجفاف والخشنة، وغير المستوية.وحيث إنه غني باليوريا، فإنه يحسن حالة البشرة شديدة الجفاف والخشنة والمجعدةكما يحتوي على عوامل الترطيب الطبيعي: مزيج من مكونات الترطيب الموجودة بشكل طبيعي في الجلد الذي يرطب بشكل مكثف للمساعدة في منع الجفاف.,110,,مكياج | العناية بالجسم | منتجات اقل من 100 ريال | أرخص الأسعار | العناية,كريم | يوسيرين  | مرطب,https://media.zid.store/d73601a1-4937-47cb-bd73-7bcdb20c83d1/b477be4a-f46b-4b4b-bae5-1d41ecc35936.png,https://makeupstationsa.com/products/يوسيرين-كريم-يوريا-للقضاء-على-الخشونة-خالي-من-العطور-من-500-مل,b477be4a-f46b-4b4b-bae5-1d41ecc35936.png
f7ee7f65-0d91-4525-9731-ca069a54b0ad,Q2-6-4-6,لاروش بوسيه - كريم مرطب بعامل وقاية من الشمس 50 + مضاد لسعة العين والبشرة الحساسة 50مل,لاروش-بوسيه-كريم-مرطب-بعامل-وقاية-من-الشمس-50-مضاد-لسعة-العين-والبشرة-الحساسة-50مل,La Roche Posay Anthelios UVMune Cream هو حماية عالية جدًا للوجه من أشعة UVA / UVB في تركيبة مرطبة مناسبة للبشرة الجافة إلى الجافة جدًا والعيون الحس?,"La Roche Posay Anthelios UVMune Cream هو حماية عالية جدًا للوجه من أشعة UVA / UVB في تركيبة مرطبة مناسبة للبشرة الجافة إلى الجافة جدًا والعيون الحساسة. الحماية القصوى مع حماية فائقة من الأشعة فوق البنفسجية الطويلة.

مطور خصيصاً للبشرة الحساسة. تركيبة كريم مرطبة ومريحة للغاية. مضاد لاذع العين: يمكن وضعه حول العينين. مقاومة شديدة للماء والعرق والرمل. غير لزج وغير دهني. هيبوالرجينيك.",131.5,,مكياج | العناية | العنايه بالوجة | حماية من الشمس | لاروش بوسيه,واقي شمس | لاروش بوسيه ,https://media.zid.store/d73601a1-4937-47cb-bd73-7bcdb20c83d1/07267ce0-283a-4732-91be-0082fcdd7a5a.jpg,https://makeupstationsa.com/products/لاروش-بوسيه-كريم-مرطب-بعامل-وقاية-من-الشمس-50-مضاد-لسعة-العين-والبشرة-الحساسة-50مل,07267ce0-283a-4732-91be-0082fcdd7a5a.jpg
8b8dee85-5fc6-47bd-8f17-5565f89ec803,Q2-6-3-9,يورياج - كريم مرطب لليدين غير دهني 50مل,يورياج-كريم-مرطب-لليدين-غير-دهني-50مل,يورياج كريم مرطب و مغذي لليدين يقوم بتهدئة وتغذية الأيدي الجافة وهو تركيبة غنية ومرطبة وغير لزجة تذوب بسرعة في البشرة لتوفر مز,يورياج كريم مرطب و مغذي لليدين يقوم بتهدئة وتغذية الأيدي الجافة وهو تركيبة غنية ومرطبة وغير لزجة تذوب بسرعة في البشرة لتوفر مزيجًا قويًا من المكونات خالي من العطور ومقاوم للماء، يستخدم المرطب خفيف الوزن بوليمرين للمساعدة في إنشاء حاجز وقائي ضد العوامل البيئية الضارة بينما ينظف وينقي عسل مانوكا المضاد للبكتيريا تعوض المياه الحرارية الخاصة بالعلامة التجارية مستويات عالية من الرطوبة لتهدئة أي تهيج وخلق ملمس بشرة أكثر نعومة ,79.84,,مكياج | منتجات اقل من 100 ريال | أرخص الأسعار | العناية | العناية باليدين | يورياج,كريم | يورياج | كريم يد | العناية باليدين,https://media.zid.store/d73601a1-4937-47cb-bd73-7bcdb20c83d1/afd2037e-8235-49d9-a0a5-8de59cc8506e.jpg,https://makeupstationsa.com/products/يورياج-كريم-مرطب-لليدين-غير-دهني-50مل,afd2037e-8235-49d9-a0a5-8de59cc8506e.jpg
0cffae5c-ce1e-40fd-8deb-062baf2ddee8,Q2-6-3-5,يوسرين - غسول مرطب ومنظف لليدين 250مل,يوسرين-غسول-مرطب-ومنظف-لليدين-250مل,مضخة زيت منظف اليدين Eucerin PH5. تحتوي تركيبة Eucerin PH5 Hand Cleansing Oil على قيم pH مثالية تحمي الحاجز الطبيعي للبشرة وتسمح لها بصد التأثيرات ,مضخة زيت منظف اليدين Eucerin PH5. تحتوي تركيبة Eucerin PH5 Hand Cleansing Oil على قيم pH مثالية تحمي الحاجز الطبيعي للبشرة وتسمح لها بصد التأثيرات الخارجية بفعالية. هذه التركيبة ذات الرغوة الخفيفة مناسبة للبشرة المتهيجة والحكة وتحتوي على نسبة عالية من الزيوت الطبيعية لتأثير مكثف ومغذي. بعد استخدام يديك سوف تشعر بالنعومة والليونة. حتى تنظيف يديك بانتظام لن يؤدي إلى جفافهما. التطبيق: التدليك على اليدين المبللة ..,100.05,,مكياج | العناية | العناية باليدين | يوسيرين,يوسرين | منظف | لليدين,https://media.zid.store/d73601a1-4937-47cb-bd73-7bcdb20c83d1/793cfb44-f0fd-43a2-a259-9d5e4983c334.png,https://makeupstationsa.com/products/يوسرين-غسول-مرطب-ومنظف-لليدين-250مل,793cfb44-f0fd-43a2-a259-9d5e4983c334.png
460828a6-4ff4-44c9-9d9a-e9232d24c0f4,Q2-6-4-7,بيوديرما - كريم طبيعي للبشرة التفاعلية 50 + 30 مل,بيوديرما-كريم-طبيعي-للبشرة-التفاعلية-50-30-مل,BIODERMA Photoderm Air 50+ Cream مع لونBIODERMA Photoderm AR SPF50 + Cream مع اللون عبارة عن كريم واقي من أشعة الشمس مع أصباغ ملونة، مما يضم ويحمي البشرة ?,"BIODERMA Photoderm Air 50+ Cream مع 30ML لون
BIODERMA Photoderm AR SPF50 + Cream مع اللون عبارة عن كريم واقي من أشعة الشمس مع أصباغ ملونة، مما يضم ويحمي البشرة الأكثر حساسية والتفاعلية. مع مجمع Rosactiv، مع مكونات السياسية. يحمي، موحدة ويهدئ الجلد.",125,,مكياج | العناية | العنايه بالوجة | بيوديرما | حماية من الشمس,واقي  | واقي شمس | حماية من الشمس | بيوديرما,https://media.zid.store/d73601a1-4937-47cb-bd73-7bcdb20c83d1/1f41a034-1cd7-47d8-966c-202bff02c222.png,https://makeupstationsa.com/products/بيوديرما-كريم-طبيعي-للبشرة-التفاعلية-50-30-مل,1f41a034-1cd7-47d8-966c-202bff02c222.png
ff82ed60-d1e9-4619-9451-132fe996c378,H2 5-5-2,ايلف - آيلاينر مكثف أسود غامق,ايلف-آيلاينر-مكثف-أسود-غامق,أضف اللون أقرب ما يكون إلى خط الرموش. للحصول على خطٍ رفيع، استخدمي فقط طرف السن. قومي بإمالة القلم بطول الجانب للحصول على خط أكث,أضف اللون أقرب ما يكون إلى خط الرموش. للحصول على خطٍ رفيع، استخدمي فقط طرف السن. قومي بإمالة القلم بطول الجانب للحصول على خط أكثر سمكًا وعرضًا,44.5,,مكياج | العيون | اي لاينر العيون | منتجات اقل من 50 ريال | ايلف,ايلاينر | كحل | ايلف | اسود,https://media.zid.store/d73601a1-4937-47cb-bd73-7bcdb20c83d1/7b169367-74e4-499d-a324-69404d98dcc3.jpg,https://makeupstationsa.com/products/ايلف-آيلاينر-مكثف-أسود-غامق,7b169367-74e4-499d-a324-69404d98dcc3.jpg
c9ae15e2-d447-46a2-a96a-55de76eb1def,A1 1-5-1,لوريال - ماسكارا فولس لاش اكس فايبر,لوريال-ماسكارا-فولس-لاش-اكس-فايبر,ماسكرا فولس لاش اكس فايبر مثالية لإطالة الرموش بشكل جذاب ومتألق.ماسكرا مزدوجة برأسين الأول عبارة عن برايمر أسود متضخم يعمل عل?,"ماسكرا فولس لاش اكس فايبر مثالية لإطالة الرموش بشكل جذاب ومتألق.

ماسكرا مزدوجة برأسين الأول عبارة عن برايمر أسود متضخم يعمل على تكثيف الرموش بشكل واضح واحترافي.

والرأس الثاني عبارة عن ألياف تعمل على إطالة رموشك ورفعها بشكل واضح.

الاختيار المثالي لرموش أكثف واطول. ",60,,مكياج | العيون | ماسكارا | منتجات اقل من 100 ريال | أرخص الأسعار | لوريال باريس,مسكارا | لوريال,https://media.zid.store/d73601a1-4937-47cb-bd73-7bcdb20c83d1/29dd2732-91a2-4e0a-92ce-97267ea41241.png,https://makeupstationsa.com/products/لوريال-ماسكارا-فولس-لاش-اكس-فايبر,29dd2732-91a2-4e0a-92ce-97267ea41241.png
94cc3b32-9fec-408f-898f-8473b2c42772,J1 9-5-2,لانجي - ماسك شفاه 20 جرام  BERRY,لانجي-ماسك-شفاه-20-جرام-berry,يعمل قناع الشفاه الليلي على اذابة الجلد الميت على الشفاه بلطف طوال الليل.غني بفيتامين سي ومضادات الاكسدة لتصبح شفتيك ناعمة وص?,"يعمل قناع الشفاه الليلي على اذابة الجلد الميت على الشفاه بلطف طوال الليل.
غني بفيتامين سي ومضادات الاكسدة لتصبح شفتيك ناعمة وصحية.
يترك الشفاه برائحة الفراولة الزكية.",73.24,,مكياج | منتجات اقل من 100 ريال | أرخص الأسعار | العناية | العناية بالشفاة | لانيج,ماسك الشفاة | ماسك ليلي | لانيج,https://media.zid.store/d73601a1-4937-47cb-bd73-7bcdb20c83d1/551c3acb-12b2-49f6-9f2b-8c621a8fcbe6.jpeg,https://makeupstationsa.com/products/لانجي-ماسك-شفاه-20-جرام-berry,551c3acb-12b2-49f6-9f2b-8c621a8fcbe6.jpeg
671111db-549e-4307-8944-760dc3f1661c,Q2-2-6-2,ناتورز أنسر - عرق السوس خالي من الكحول 30 مل,ناتورز-أنسر-عرق-السوس-خالي-من-الكحول-30-مل,يساعد على تفتيح وتبيض الاماكن الداكنة بالجسم حيث يتم دمج قطرات منه مع مرطب الجسم ويتم استخدامه .او يستخدم كشراب لانه مكمل غدائ?,"يساعد على تفتيح وتبيض الاماكن الداكنة بالجسم حيث يتم دمج قطرات منه مع مرطب الجسم ويتم استخدامه .
او يستخدم كشراب لانه مكمل غدائي حيث يساعد على تحسين وظائف الجهاز الهضمي والجهاز المناعي .
",89.51,85,مكياج | العناية بالجسم | منتجات اقل من 100 ريال | أرخص الأسعار | العناية | ناتورز أنسر,مكمل غذائي | العنايه | بالجسم,https://media.zid.store/d73601a1-4937-47cb-bd73-7bcdb20c83d1/66f0ca93-57fb-470e-9460-f15a5427653a.png,https://makeupstationsa.com/products/ناتورز-أنسر-عرق-السوس-خالي-من-الكحول-30-مل,66f0ca93-57fb-470e-9460-f15a5427653a.png
3629a1d8-d723-488e-9afa-5b8436a00a8d,G2-9-5-9,سيرافي - كريم مرطب للوجه والجسم للبشره الجافه 177مل,سيرافي-كريم-مرطب-للوجه-والجسم-للبشره-الجافه-177مل,كريم مرطب بتركيبة غنية تم تطويرها بالتعاون مع أطباء الجلد مخصص للعناية اليومية للبشرة الجافة والجافة جدًا. يحتوي على مزيج من,الوصف كريم مرطب بتركيبة غنية تم تطويرها بالتعاون مع أطباء الجلد مخصص للعناية اليومية للبشرة الجافة والجافة جدًا. يحتوي على مزيج من 3 سيراميدات أساسية.. الوصف كريم مرطب بتركيبة غنية تم تطويرها بالتعاون مع أطباء الجلد مخصص للعناية اليومية للبشرة الجافة والجافة جدًا.,94,,,سيرافي | كريم مرطب للجوه والجسم,https://media.zid.store/d73601a1-4937-47cb-bd73-7bcdb20c83d1/8ba63e18-4886-47e0-804c-ab37cf2e9079.jpg,https://makeupstationsa.com/products/سيرافي-كريم-مرطب-للوجه-والجسم-للبشره-الجافه-177مل,8ba63e18-4886-47e0-804c-ab37cf2e9079.jpg
379b9605-7a05-4c32-a96c-e74d8159bc1a,G2-9-5-7,فازلين - لوشن الجسم يو في لايتينيج 400مل,فازلين-لوشن-الجسم-يو-في-لايتينيج-400مل,لوشن الجسم يو في لايتينيج من فازلين 400مل :  توفر تقنية فازلين هيلثي ايفين تون المسجلة الملكية إشراقة وترطيب متقدم للحصول على بش?,"توفر تقنية فازلين هيلثي ايفين تون المسجلة الملكية إشراقة وترطيب متقدم للحصول على بشرة صحية ومشرقة ومتجانسة
يحتوي على فيتامين بي 3 ومضادات الأكسدة الطبيعية التي تساعد البشرة على أن تبدو أكثر إشراقًا من خلال العمل العميق داخل الجلد مما يمنع نقل الميلانين ويساعد على تقليل عدم تناسق اللون والبقع الداكنة
يحتوي على قطرات من هلام الفازلين الذي يساعد على استعادة البشرة من الداخل، مما يجعلها مشرقة وأكثر تجانسًا بشكل واضح",37.25,,مكياج | العناية بالجسم | منتجات اقل من 50 ريال | أرخص الأسعار | العناية | فازلين,فازلين | كريم مرطب,https://media.zid.store/d73601a1-4937-47cb-bd73-7bcdb20c83d1/08b8c3ac-dbdb-449a-a89b-e2a92fa3f87d.jpeg,https://makeupstationsa.com/products/فازلين-لوشن-الجسم-يو-في-لايتينيج-400مل,08b8c3ac-dbdb-449a-a89b-e2a92fa3f87d.jpeg
b7278929-b937-4e8c-a0fd-8955c717d85e,Q2-4-1-2,يوسرين - كريم للبشرة شديدة الخشونة والجفاف 71 جرام,يوسرين-كريم-للبشرة-شديدة-الخشونة-والجفاف-71-جرام,يوفر كريم روفنيس ريليف من يوسيرين علاجًا مستهدفُا للبشرة الخشنة والمتقشرة. يعمل هذا العلاج ثلاثي المفعول الفريد على ترطيب الب,"يوفر كريم روفنيس ريليف من يوسيرين علاجًا مستهدفُا للبشرة الخشنة والمتقشرة. يعمل هذا العلاج ثلاثي المفعول الفريد على ترطيب البشرة وتقشيرها وتنعيمها في آن واحد. تحتوي التركيبة المركزة والرقيقة على 3 أضعاف اليوريا (مرطب الجسم لتلطيف الخشونة) الذي يمكن العثور عليه بشكل طبيعي في البشرة، من أجل تحسين التقشير الطبيعي والحفاظ على الرطوبة. يعمل هذا العلاج الفوري على أحسن حال للمواضع التي تعاني من مشكلات عنيدة مثل المرفقين والركبتين والكعبين والمفاصل. يأتي بطرف دقيق من أجل استهداف وضع العلاج. تمتص البشرة العلاج الفوري لتلطيف الخشونة بسرعة. خالٍ من الصبغات والعطور ورقيق بما فيه الكفاية للاستخدام اليومي، حتى على البشرة الحساسة


﻿. طريقة الاستعمال: ضعيه على المواضع الخشنة الجافة أو السميكة من البشرة حسب الحاجة. للحصول على تغطية للجسم بالكامل، استخدمي لوشن الجسم ملطف الخشونة من يوسيرين",99.61,,مكياج | العناية بالجسم | منتجات اقل من 100 ريال | أرخص الأسعار | العناية | العناية بالقدمين | العناية باليدين | يوسيرين,كريم | يوسرين,"https://media.zid.store/d73601a1-4937-47cb-bd73-7bcdb20c83d1/f78612f6-9ad2-42c5-98b8-caa7006e6b4c.jpg
https://media.zid.store/d73601a1-4937-47cb-bd73-7bcdb20c83d1/34bf8ecc-09ff-4cfc-8d5a-e1e5e3c2d53c.jpg",https://makeupstationsa.com/products/يوسرين-كريم-للبشرة-شديدة-الخشونة-والجفاف-71-جرام,"f78612f6-9ad2-42c5-98b8-caa7006e6b4c.jpg
34bf8ecc-09ff-4cfc-8d5a-e1e5e3c2d53c.jpg"
9540e656-82c2-4288-951a-a4723a2e309e,MRG01AB,مانسيرا روز جريدي - أو دي بارفيوم (للجنسين) 120مل,مانسيرا-روز-جريدي-أو-دي-بارفيوم-للجنسين-120مل, الخط العطري: فلورا فروت غورماند. من اصدارات من بيت أزياء مانسيرا {Mancera}. من العائلة العطرية الزهريه - الفاكهيه - جورماند للجنسي?,"الخط العطري: فلورا فروت غورماند.
من اصدارات من بيت أزياء مانسيرا {Mancera}.
من العائلة العطرية الزهريه - الفاكهيه - جورماند للجنسين.
العطر من اصدارات عام 2012.
تتوج قمة الباقة العطرية بتوليفة مميزة من النوتات العليا  الخوخ, الكشمش الأسود, الماندرين (اليوسفي), جوز الهند و الفلفل الوردي.
ويتبعه القلب العطري حاملا باقة من النوتات المتوسطة من  الورد, الزهور و الياسمين.
وتنتهي الباقة بموجه من النوتات القاعدية المكونة من المسك الأبيض, السكر, الفانيليا, العنبر و البنزوين - الجاوي.",401.99,,مكياج | العطور | عطور نسائية | مانسيرا,عطر | روز قريدي | مانسيرا ,"https://media.zid.store/d73601a1-4937-47cb-bd73-7bcdb20c83d1/5b32c9ba-4263-4e48-b00d-22085ca7465d.jpeg
https://media.zid.store/d73601a1-4937-47cb-bd73-7bcdb20c83d1/3da38b8c-7c1e-4054-8336-2137cebd8b21.png
https://media.zid.store/d73601a1-4937-47cb-bd73-7bcdb20c83d1/bff1b6dd-ec09-4e89-91fe-93e4c22ed942.png",https://makeupstationsa.com/products/مانسيرا-روز-جريدي-أو-دي-بارفيوم-للجنسين-120مل,"5b32c9ba-4263-4e48-b00d-22085ca7465d.jpeg
3da38b8c-7c1e-4054-8336-2137cebd8b21.png
bff1b6dd-ec09-4e89-91fe-93e4c22ed942.png"
aa565c41-e55b-4121-989d-ba2786c88f16,F2-6-1-4,فلورمار- مناكير نايل ايناميل 385,فلورمار-مناكير-نايل-ايناميل-385,طلاء الأظافر الأسطوري من Flormar سهل التطبيق وذو بريق إضافي بفضل تركيبته الخاصة. الأصناف المختلفة من Flormar Nail Enamel تبقى متألقة وطويل,,15,,,,"https://media.zid.store/d73601a1-4937-47cb-bd73-7bcdb20c83d1/0de25d29-ebf8-495c-a41b-d5afee0d7fbd.jpg
https://media.zid.store/d73601a1-4937-47cb-bd73-7bcdb20c83d1/591c27a6-13ff-495e-812f-aec0eab32982.jpg",https://makeupstationsa.com/products/فلورمار-مناكير-نايل-ايناميل-385,"0de25d29-ebf8-495c-a41b-d5afee0d7fbd.jpg
591c27a6-13ff-495e-812f-aec0eab32982.jpg"
